EXEC sp_msforeachtable 'IF ''?'' NOT LIKE ''%flyway_schema_history%''
    ALTER TABLE ? NOCHECK CONSTRAINT ALL';
GO

SET IDENTITY_INSERT [dbo].[address] ON

INSERT [dbo].[address] ([id], [address_line1], [address_line2], [city], [country], [latitude], [longitude], [postcode]) VALUES (1, N'3 Silverhill Manor', NULL, N'Enniskillen', N'United Kingdom', 54.3600071, -7.6754729, N'BT74 5JJ')
INSERT [dbo].[address] ([id], [address_line1], [address_line2], [city], [country], [latitude], [longitude], [postcode]) VALUES (4, N'3 Thornhill Grove', NULL, N'Belfast', N'United Kingdom', 54.592506699999987, -5.8431435, N'BT5 7BN')
INSERT [dbo].[address] ([id], [address_line1], [address_line2], [city], [country], [latitude], [longitude], [postcode]) VALUES (8, N'3 Silverhill manor', N'', N'Belfast', N'United Kingdom', NULL, NULL, N'Bt74 5jj')
INSERT [dbo].[address] ([id], [address_line1], [address_line2], [city], [country], [latitude], [longitude], [postcode]) VALUES (9, N'4 Trevor St', NULL, N'Holywood', N'United Kingdom', 54.638805299999987, -5.8347148, N'BT18 9NA')
SET IDENTITY_INSERT [dbo].[address] OFF
GO
SET IDENTITY_INSERT [dbo].[app_user] ON

INSERT [dbo].[app_user] ([id], [email], [name], [password], [username], [address_id], [is_verified], [deleted_at]) VALUES (1, N'john@example.com', N'John Doe', N'password', N'John Doe', NULL, 1, CAST(N'2025-04-12T10:11:31.5718040' AS DateTime2))
INSERT [dbo].[app_user] ([id], [email], [name], [password], [username], [address_id], [is_verified], [deleted_at]) VALUES (8, N'andrewjm95@outlook.com', N'Andrew James Morrison', N'$2a$10$g73ZnbvfkWL7cwERTIhdvunZZ7u8Dn8t0X2oFWof5SceA2gC4pj0u', N'amorrison95', 9, 1, NULL)
INSERT [dbo].[app_user] ([id], [email], [name], [password], [username], [address_id], [is_verified], [deleted_at]) VALUES (9, N'sam@example.com', N'Samuel Keys', N'$2a$10$MPwhGHH4ZjzxmEjlvmAgk.7kPWXrQ5CFQo388gnR8XklH3C7VnQVO', NULL, NULL, 1, NULL)
INSERT [dbo].[app_user] ([id], [email], [name], [password], [username], [address_id], [is_verified], [deleted_at]) VALUES (10, N'susan@example.com', N'Susan Boyle', N'$2a$10$7beOMNvZSxTRbv/Cz3YwzuKGBaDXjTc.M.mMgTdWtmP/KXe6ZG.3i', NULL, NULL, 1, NULL)
INSERT [dbo].[app_user] ([id], [email], [name], [password], [username], [address_id], [is_verified], [deleted_at]) VALUES (11, N'Jimmy@example.com', N'Jimmy Neutron', N'$2a$10$n6qdndse649jxJDPAJsy2OXhyDvulsiEEaQ.xDefgQIiR11BcN/XO', NULL, NULL, 1, NULL)
INSERT [dbo].[app_user] ([id], [email], [name], [password], [username], [address_id], [is_verified], [deleted_at]) VALUES (12, N'Alex@example.com', N'Alex Pierea', N'$2a$10$N9HUNzrG8RLndNcW1yYyB.aj3aAbczLBeeMEhUvo9DldUvxouBZEi', NULL, NULL, 1, NULL)
INSERT [dbo].[app_user] ([id], [email], [name], [password], [username], [address_id], [is_verified], [deleted_at]) VALUES (13, N'Christy@example.com', N'Christy Mac', N'$2a$10$owPdWfXYzQRtqy8zZdta8eTUPb68ywfQQ/jn2bLOOdVLMMRwiDlva', NULL, NULL, 1, NULL)
INSERT [dbo].[app_user] ([id], [email], [name], [password], [username], [address_id], [is_verified], [deleted_at]) VALUES (14, N'Erin@example.com', N'Erin Meehan', N'$2a$10$TaX23MyLETKpWTHf6O9zYuq8/dS30o0.pA1h86phgkVFip/eqqMua', NULL, NULL, 1, NULL)
INSERT [dbo].[app_user] ([id], [email], [name], [password], [username], [address_id], [is_verified], [deleted_at]) VALUES (15, N'nathan@example.com', N'Nathan Woods', N'$2a$10$DbQ49WgddQ.16jqdAFm1PeSnRbQLmY73mlMi7UXcN9CAHfNzFN/SK', NULL, NULL, 1, NULL)
INSERT [dbo].[app_user] ([id], [email], [name], [password], [username], [address_id], [is_verified], [deleted_at]) VALUES (16, N'robert@example.com', N'Robert Cole', N'$2a$10$StbaXxMoVRvMy4zBFntDc.UZsCxxmG.Guz/5Zns5EVamUGhgilhRK', NULL, NULL, 1, NULL)
INSERT [dbo].[app_user] ([id], [email], [name], [password], [username], [address_id], [is_verified], [deleted_at]) VALUES (17, N'Gillian@example.com', N'Gillian Woodrow', N'$2a$10$lyovaFux6E8dBGD1xq2J0usL4k5WXQ1hh7bbAqnASIm.E3hwYHTlG', NULL, NULL, 1, NULL)
INSERT [dbo].[app_user] ([id], [email], [name], [password], [username], [address_id], [is_verified], [deleted_at]) VALUES (18, N'Sandra@example.com', N'Sandra Mills', N'$2a$10$UsxLX7SjCNQeBmzlDLTYAevtBRRysLFmj7MjsC9260r2.g4bNobyO', NULL, NULL, 1, NULL)
INSERT [dbo].[app_user] ([id], [email], [name], [password], [username], [address_id], [is_verified], [deleted_at]) VALUES (19, N'example@gmail.com', NULL, N'$2a$10$fQvdut9bJ9svDyHeU1rRVODNAjUwiElz64R3P//SO9jS1YxnUk8XS', NULL, NULL, 1, NULL)
INSERT [dbo].[app_user] ([id], [email], [name], [password], [username], [address_id], [is_verified], [deleted_at]) VALUES (21, N'amorrison20@qub.ac.uk', N'Arnold Marshall', N'$2a$10$ZIVaqkWCP/NEe3OOkWacj.1IuWrOcOTIuBjibZ4GJ9kXp6ViQ9rkO', N'amorrison20@qub.ac.uk', NULL, 1, CAST(N'2025-04-12T11:23:13.5338400' AS DateTime2))
INSERT [dbo].[app_user] ([id], [email], [name], [password], [username], [address_id], [is_verified], [deleted_at]) VALUES (22, N'test@example.com', NULL, N'$2a$10$6NSkRHd49GBq7iWqGNUMUemaaB03MDn.VLzQ3qW6y4y5iQRnZaR6m', N'test@gmail.com', NULL, 1, NULL)
INSERT [dbo].[app_user] ([id], [email], [name], [password], [username], [address_id], [is_verified], [deleted_at]) VALUES (23, N'jimmy2@example.com', NULL, N'$2a$10$V29k4aiQrAD4VeZ4XOWPAuZe/4cE7Fw.tk935BdnNtUyXQOCSDWEG', N'jimmy2@example.com', NULL, 1, NULL)
INSERT [dbo].[app_user] ([id], [email], [name], [password], [username], [address_id], [is_verified], [deleted_at]) VALUES (24, N'christoph@example.com', N'Christoph Maner', N'$2a$10$/2bsAbH497fNs/veG4C71uBIrkGlzR4m8qCU4qSeXiW8JKVoYb9b6', N'christoph@example.com', NULL, 1, CAST(N'2025-04-12T11:23:13.5338400' AS DateTime2))
INSERT [dbo].[app_user] ([id], [email], [name], [password], [username], [address_id], [is_verified], [deleted_at]) VALUES (25, N'jasmin@example.com', N'Jasmin Henderson', N'$2a$10$7eSmUUZgNHMol4y56pdI7elQIse2IM5lIMW3Xdc6FRH0P7jeIvVcC', N'jasmin@example.com', NULL, 1, NULL)
INSERT [dbo].[app_user] ([id], [email], [name], [password], [username], [address_id], [is_verified], [deleted_at]) VALUES (26, N'jane@example.com', N'Jane Doe', N'$2a$10$/LX9CfMqQlfDTg/9U009gOfZzk0nDly4K8hHh09OGYhiUuUi7Q06O', N'jane@example.com', NULL, 1, NULL)
INSERT [dbo].[app_user] ([id], [email], [name], [password], [username], [address_id], [is_verified], [deleted_at]) VALUES (27, N'andrew@example.com', N'Andrew James Morrison', N'$2a$10$8lRzt7AMDhC.3I/LvBlmmO1BkfP8KWKWlzMSD/4zLuWLhOr8RVnyS', N'andrew@example.com', NULL, 1, NULL)
INSERT [dbo].[app_user] ([id], [email], [name], [password], [username], [address_id], [is_verified], [deleted_at]) VALUES (33, N'andrewjamesm95@outlook.com', N'andrew', N'$2a$10$jIRa81wEcJaIgsIbY8U7FeSm3NNDKLFYr1hLEMVPOYFgeMxURIyha', N'andrewjames95@outlook.com', NULL, 1, NULL)
INSERT [dbo].[app_user] ([id], [email], [name], [password], [username], [address_id], [is_verified], [deleted_at]) VALUES (34, N'test2@gmail.com', N'test', N'$2a$10$VKIGsjzY5fpwvuFQpaSVGOfrbOyv5xrkKAU/hEfru/SptRvzFDi.2', N'test2@gmail.com', NULL, 0, NULL)
INSERT [dbo].[app_user] ([id], [email], [name], [password], [username], [address_id], [is_verified], [deleted_at]) VALUES (35, N'testing6@mail.com', N'test 3', N'$2a$10$pJEmc2CQWp.psrLGogZRvuraFJNNzv98LmQlWNK9xtXIFpbd6dza2', N'testing6@mail.com', NULL, 0, NULL)
INSERT [dbo].[app_user] ([id], [email], [name], [password], [username], [address_id], [is_verified], [deleted_at]) VALUES (36, N'andrew95@outlook.com', N'Andrew James Morrison', N'$2a$10$pATtc8E3WR2g493/UoxC/OkVuBGMiIIgYbCZwIUNxcZ7/0RdBjXiC', N'andrew95@outlook.com', NULL, 0, NULL)
INSERT [dbo].[app_user] ([id], [email], [name], [password], [username], [address_id], [is_verified], [deleted_at]) VALUES (37, N'andrew955@outlook.com', N'Andrew James Morrison', N'$2a$10$Y5VFM6TZSvWT4TVF5uOgf.VwSitn64jG3yb1XqQJVJh2.Pg3eFoNa', N'andrew955@outlook.com', NULL, 0, NULL)
INSERT [dbo].[app_user] ([id], [email], [name], [password], [username], [address_id], [is_verified], [deleted_at]) VALUES (38, N'tuneup.ad.confirm@gmail.com', N'Admin', N'$2a$10$ChvKWp4weOSdi/laV1p3.uyznX0ajNYYFtMb0ty8EmArgexxj.z5O', N'tuneup.ad.confirm@gmail.com', NULL, 1, NULL)
INSERT [dbo].[app_user] ([id], [email], [name], [password], [username], [address_id], [is_verified], [deleted_at]) VALUES (39, N'deleted_d8de9311@tuneup.local', N'Deleted User', NULL, N'deleted_d8de9311', NULL, 0, CAST(N'2025-04-13T19:29:57.4394050' AS DateTime2))
SET IDENTITY_INSERT [dbo].[app_user] OFF
GO
SET IDENTITY_INSERT [dbo].[availability] ON

INSERT [dbo].[availability] ([id], [end_time], [start_time], [status], [profile_id]) VALUES (30, CAST(N'2024-12-30T06:45:00.0000000' AS DateTime2), CAST(N'2024-12-30T06:30:00.0000000' AS DateTime2), N'PENDING', 2)
INSERT [dbo].[availability] ([id], [end_time], [start_time], [status], [profile_id]) VALUES (35, CAST(N'2025-01-26T17:15:00.0000000' AS DateTime2), CAST(N'2025-01-26T16:30:00.0000000' AS DateTime2), N'PENDING', 2)
INSERT [dbo].[availability] ([id], [end_time], [start_time], [status], [profile_id]) VALUES (997, CAST(N'2025-02-19T12:00:00.0000000' AS DateTime2), CAST(N'2025-02-19T11:45:00.0000000' AS DateTime2), N'AVAILABLE', 2)
INSERT [dbo].[availability] ([id], [end_time], [start_time], [status], [profile_id]) VALUES (1046, CAST(N'2025-05-07T17:00:00.0000000' AS DateTime2), CAST(N'2025-05-07T09:00:00.0000000' AS DateTime2), N'AVAILABLE', 2)
INSERT [dbo].[availability] ([id], [end_time], [start_time], [status], [profile_id]) VALUES (1049, CAST(N'2025-04-10T17:00:00.0000000' AS DateTime2), CAST(N'2025-04-10T09:00:00.0000000' AS DateTime2), N'AVAILABLE', 2)
INSERT [dbo].[availability] ([id], [end_time], [start_time], [status], [profile_id]) VALUES (1050, CAST(N'2025-05-02T17:00:00.0000000' AS DateTime2), CAST(N'2025-05-02T09:00:00.0000000' AS DateTime2), N'AVAILABLE', 2)
INSERT [dbo].[availability] ([id], [end_time], [start_time], [status], [profile_id]) VALUES (1053, CAST(N'2025-05-03T17:00:00.0000000' AS DateTime2), CAST(N'2025-05-03T09:00:00.0000000' AS DateTime2), N'AVAILABLE', 2)
INSERT [dbo].[availability] ([id], [end_time], [start_time], [status], [profile_id]) VALUES (1055, CAST(N'2025-05-09T17:00:00.0000000' AS DateTime2), CAST(N'2025-05-09T09:00:00.0000000' AS DateTime2), N'AVAILABLE', 2)
INSERT [dbo].[availability] ([id], [end_time], [start_time], [status], [profile_id]) VALUES (1056, CAST(N'2025-04-19T17:00:00.0000000' AS DateTime2), CAST(N'2025-04-19T09:00:00.0000000' AS DateTime2), N'AVAILABLE', 2)
INSERT [dbo].[availability] ([id], [end_time], [start_time], [status], [profile_id]) VALUES (1058, CAST(N'2025-04-23T17:00:00.0000000' AS DateTime2), CAST(N'2025-04-23T09:15:00.0000000' AS DateTime2), N'AVAILABLE', 2)
INSERT [dbo].[availability] ([id], [end_time], [start_time], [status], [profile_id]) VALUES (1059, CAST(N'2025-04-13T17:00:00.0000000' AS DateTime2), CAST(N'2025-04-13T09:00:00.0000000' AS DateTime2), N'AVAILABLE', 2)
INSERT [dbo].[availability] ([id], [end_time], [start_time], [status], [profile_id]) VALUES (1061, CAST(N'2025-05-06T17:00:00.0000000' AS DateTime2), CAST(N'2025-05-06T09:00:00.0000000' AS DateTime2), N'AVAILABLE', 2)
INSERT [dbo].[availability] ([id], [end_time], [start_time], [status], [profile_id]) VALUES (1062, CAST(N'2025-04-16T17:00:00.0000000' AS DateTime2), CAST(N'2025-04-16T09:00:00.0000000' AS DateTime2), N'AVAILABLE', 2)
INSERT [dbo].[availability] ([id], [end_time], [start_time], [status], [profile_id]) VALUES (1063, CAST(N'2025-05-01T17:00:00.0000000' AS DateTime2), CAST(N'2025-05-01T09:00:00.0000000' AS DateTime2), N'AVAILABLE', 2)
INSERT [dbo].[availability] ([id], [end_time], [start_time], [status], [profile_id]) VALUES (1064, CAST(N'2025-04-27T17:00:00.0000000' AS DateTime2), CAST(N'2025-04-27T09:00:00.0000000' AS DateTime2), N'AVAILABLE', 2)
INSERT [dbo].[availability] ([id], [end_time], [start_time], [status], [profile_id]) VALUES (1065, CAST(N'2025-04-11T17:00:00.0000000' AS DateTime2), CAST(N'2025-04-11T09:00:00.0000000' AS DateTime2), N'AVAILABLE', 2)
INSERT [dbo].[availability] ([id], [end_time], [start_time], [status], [profile_id]) VALUES (1066, CAST(N'2025-04-22T17:00:00.0000000' AS DateTime2), CAST(N'2025-04-22T09:00:00.0000000' AS DateTime2), N'AVAILABLE', 2)
INSERT [dbo].[availability] ([id], [end_time], [start_time], [status], [profile_id]) VALUES (1067, CAST(N'2025-04-17T17:00:00.0000000' AS DateTime2), CAST(N'2025-04-17T09:00:00.0000000' AS DateTime2), N'AVAILABLE', 2)
INSERT [dbo].[availability] ([id], [end_time], [start_time], [status], [profile_id]) VALUES (1068, CAST(N'2025-04-05T17:00:00.0000000' AS DateTime2), CAST(N'2025-04-05T09:00:00.0000000' AS DateTime2), N'AVAILABLE', 2)
INSERT [dbo].[availability] ([id], [end_time], [start_time], [status], [profile_id]) VALUES (1069, CAST(N'2025-04-15T17:00:00.0000000' AS DateTime2), CAST(N'2025-04-15T09:00:00.0000000' AS DateTime2), N'AVAILABLE', 2)
INSERT [dbo].[availability] ([id], [end_time], [start_time], [status], [profile_id]) VALUES (1072, CAST(N'2025-05-08T17:00:00.0000000' AS DateTime2), CAST(N'2025-05-08T09:00:00.0000000' AS DateTime2), N'AVAILABLE', 2)
INSERT [dbo].[availability] ([id], [end_time], [start_time], [status], [profile_id]) VALUES (1073, CAST(N'2025-04-26T17:00:00.0000000' AS DateTime2), CAST(N'2025-04-26T09:00:00.0000000' AS DateTime2), N'AVAILABLE', 2)
INSERT [dbo].[availability] ([id], [end_time], [start_time], [status], [profile_id]) VALUES (1075, CAST(N'2025-04-20T17:00:00.0000000' AS DateTime2), CAST(N'2025-04-20T09:00:00.0000000' AS DateTime2), N'AVAILABLE', 2)
INSERT [dbo].[availability] ([id], [end_time], [start_time], [status], [profile_id]) VALUES (1076, CAST(N'2025-05-04T17:00:00.0000000' AS DateTime2), CAST(N'2025-05-04T09:00:00.0000000' AS DateTime2), N'AVAILABLE', 2)
INSERT [dbo].[availability] ([id], [end_time], [start_time], [status], [profile_id]) VALUES (1077, CAST(N'2025-05-05T17:00:00.0000000' AS DateTime2), CAST(N'2025-05-05T09:00:00.0000000' AS DateTime2), N'AVAILABLE', 2)
INSERT [dbo].[availability] ([id], [end_time], [start_time], [status], [profile_id]) VALUES (1078, CAST(N'2025-04-12T17:00:00.0000000' AS DateTime2), CAST(N'2025-04-12T09:00:00.0000000' AS DateTime2), N'AVAILABLE', 2)
INSERT [dbo].[availability] ([id], [end_time], [start_time], [status], [profile_id]) VALUES (1079, CAST(N'2025-04-30T17:00:00.0000000' AS DateTime2), CAST(N'2025-04-30T09:00:00.0000000' AS DateTime2), N'AVAILABLE', 2)
INSERT [dbo].[availability] ([id], [end_time], [start_time], [status], [profile_id]) VALUES (1080, CAST(N'2025-04-06T17:00:00.0000000' AS DateTime2), CAST(N'2025-04-06T09:00:00.0000000' AS DateTime2), N'AVAILABLE', 2)
INSERT [dbo].[availability] ([id], [end_time], [start_time], [status], [profile_id]) VALUES (1081, CAST(N'2025-04-28T17:00:00.0000000' AS DateTime2), CAST(N'2025-04-28T09:00:00.0000000' AS DateTime2), N'AVAILABLE', 2)
INSERT [dbo].[availability] ([id], [end_time], [start_time], [status], [profile_id]) VALUES (1082, CAST(N'2025-04-29T17:00:00.0000000' AS DateTime2), CAST(N'2025-04-29T09:00:00.0000000' AS DateTime2), N'AVAILABLE', 2)
INSERT [dbo].[availability] ([id], [end_time], [start_time], [status], [profile_id]) VALUES (1083, CAST(N'2025-04-21T17:00:00.0000000' AS DateTime2), CAST(N'2025-04-21T09:00:00.0000000' AS DateTime2), N'AVAILABLE', 2)
INSERT [dbo].[availability] ([id], [end_time], [start_time], [status], [profile_id]) VALUES (1084, CAST(N'2025-04-04T17:00:00.0000000' AS DateTime2), CAST(N'2025-04-04T10:00:00.0000000' AS DateTime2), N'AVAILABLE', 2)
INSERT [dbo].[availability] ([id], [end_time], [start_time], [status], [profile_id]) VALUES (1087, CAST(N'2025-04-24T17:00:00.0000000' AS DateTime2), CAST(N'2025-04-24T09:00:00.0000000' AS DateTime2), N'AVAILABLE', 2)
INSERT [dbo].[availability] ([id], [end_time], [start_time], [status], [profile_id]) VALUES (1088, CAST(N'2025-04-18T17:00:00.0000000' AS DateTime2), CAST(N'2025-04-18T09:00:00.0000000' AS DateTime2), N'AVAILABLE', 2)
INSERT [dbo].[availability] ([id], [end_time], [start_time], [status], [profile_id]) VALUES (1090, CAST(N'2025-04-14T17:00:00.0000000' AS DateTime2), CAST(N'2025-04-14T09:00:00.0000000' AS DateTime2), N'AVAILABLE', 2)
INSERT [dbo].[availability] ([id], [end_time], [start_time], [status], [profile_id]) VALUES (1091, CAST(N'2025-04-25T17:00:00.0000000' AS DateTime2), CAST(N'2025-04-25T09:00:00.0000000' AS DateTime2), N'AVAILABLE', 2)
INSERT [dbo].[availability] ([id], [end_time], [start_time], [status], [profile_id]) VALUES (1095, CAST(N'2025-05-19T17:00:00.0000000' AS DateTime2), CAST(N'2025-05-19T09:00:00.0000000' AS DateTime2), N'AVAILABLE', 2)
INSERT [dbo].[availability] ([id], [end_time], [start_time], [status], [profile_id]) VALUES (1096, CAST(N'2025-05-12T17:00:00.0000000' AS DateTime2), CAST(N'2025-05-12T09:00:00.0000000' AS DateTime2), N'AVAILABLE', 2)
INSERT [dbo].[availability] ([id], [end_time], [start_time], [status], [profile_id]) VALUES (1097, CAST(N'2025-05-26T17:00:00.0000000' AS DateTime2), CAST(N'2025-05-26T09:00:00.0000000' AS DateTime2), N'AVAILABLE', 2)
INSERT [dbo].[availability] ([id], [end_time], [start_time], [status], [profile_id]) VALUES (1098, CAST(N'2025-03-28T17:00:00.0000000' AS DateTime2), CAST(N'2025-03-28T09:00:00.0000000' AS DateTime2), N'AVAILABLE', 2)
INSERT [dbo].[availability] ([id], [end_time], [start_time], [status], [profile_id]) VALUES (1099, CAST(N'2025-03-22T17:00:00.0000000' AS DateTime2), CAST(N'2025-03-22T09:00:00.0000000' AS DateTime2), N'AVAILABLE', 2)
INSERT [dbo].[availability] ([id], [end_time], [start_time], [status], [profile_id]) VALUES (1100, CAST(N'2025-03-06T09:30:00.0000000' AS DateTime2), CAST(N'2025-03-06T09:00:00.0000000' AS DateTime2), N'AVAILABLE', 2)
INSERT [dbo].[availability] ([id], [end_time], [start_time], [status], [profile_id]) VALUES (1101, CAST(N'2025-03-19T09:45:00.0000000' AS DateTime2), CAST(N'2025-03-19T09:00:00.0000000' AS DateTime2), N'AVAILABLE', 2)
INSERT [dbo].[availability] ([id], [end_time], [start_time], [status], [profile_id]) VALUES (1102, CAST(N'2025-03-21T17:00:00.0000000' AS DateTime2), CAST(N'2025-03-21T09:15:00.0000000' AS DateTime2), N'AVAILABLE', 2)
INSERT [dbo].[availability] ([id], [end_time], [start_time], [status], [profile_id]) VALUES (1103, CAST(N'2025-03-26T17:00:00.0000000' AS DateTime2), CAST(N'2025-03-26T09:00:00.0000000' AS DateTime2), N'AVAILABLE', 2)
INSERT [dbo].[availability] ([id], [end_time], [start_time], [status], [profile_id]) VALUES (1104, CAST(N'2025-03-04T17:00:00.0000000' AS DateTime2), CAST(N'2025-03-04T11:30:00.0000000' AS DateTime2), N'AVAILABLE', 2)
INSERT [dbo].[availability] ([id], [end_time], [start_time], [status], [profile_id]) VALUES (1105, CAST(N'2025-03-12T17:00:00.0000000' AS DateTime2), CAST(N'2025-03-12T09:15:00.0000000' AS DateTime2), N'AVAILABLE', 2)
INSERT [dbo].[availability] ([id], [end_time], [start_time], [status], [profile_id]) VALUES (1106, CAST(N'2025-03-08T17:00:00.0000000' AS DateTime2), CAST(N'2025-03-08T09:15:00.0000000' AS DateTime2), N'AVAILABLE', 2)
INSERT [dbo].[availability] ([id], [end_time], [start_time], [status], [profile_id]) VALUES (1107, CAST(N'2025-03-09T17:00:00.0000000' AS DateTime2), CAST(N'2025-03-09T09:00:00.0000000' AS DateTime2), N'AVAILABLE', 2)
INSERT [dbo].[availability] ([id], [end_time], [start_time], [status], [profile_id]) VALUES (1108, CAST(N'2025-03-24T17:00:00.0000000' AS DateTime2), CAST(N'2025-03-24T09:00:00.0000000' AS DateTime2), N'AVAILABLE', 2)
INSERT [dbo].[availability] ([id], [end_time], [start_time], [status], [profile_id]) VALUES (1109, CAST(N'2025-03-18T17:00:00.0000000' AS DateTime2), CAST(N'2025-03-18T09:00:00.0000000' AS DateTime2), N'AVAILABLE', 2)
INSERT [dbo].[availability] ([id], [end_time], [start_time], [status], [profile_id]) VALUES (1110, CAST(N'2025-03-27T17:00:00.0000000' AS DateTime2), CAST(N'2025-03-27T09:00:00.0000000' AS DateTime2), N'AVAILABLE', 2)
INSERT [dbo].[availability] ([id], [end_time], [start_time], [status], [profile_id]) VALUES (1111, CAST(N'2025-03-20T17:00:00.0000000' AS DateTime2), CAST(N'2025-03-20T09:15:00.0000000' AS DateTime2), N'AVAILABLE', 2)
INSERT [dbo].[availability] ([id], [end_time], [start_time], [status], [profile_id]) VALUES (1112, CAST(N'2025-03-10T17:00:00.0000000' AS DateTime2), CAST(N'2025-03-10T09:15:00.0000000' AS DateTime2), N'AVAILABLE', 2)
INSERT [dbo].[availability] ([id], [end_time], [start_time], [status], [profile_id]) VALUES (1113, CAST(N'2025-03-29T09:45:00.0000000' AS DateTime2), CAST(N'2025-03-29T09:00:00.0000000' AS DateTime2), N'AVAILABLE', 2)
INSERT [dbo].[availability] ([id], [end_time], [start_time], [status], [profile_id]) VALUES (1114, CAST(N'2025-03-25T17:00:00.0000000' AS DateTime2), CAST(N'2025-03-25T09:00:00.0000000' AS DateTime2), N'AVAILABLE', 2)
INSERT [dbo].[availability] ([id], [end_time], [start_time], [status], [profile_id]) VALUES (1116, CAST(N'2025-03-23T17:00:00.0000000' AS DateTime2), CAST(N'2025-03-23T09:00:00.0000000' AS DateTime2), N'AVAILABLE', 2)
INSERT [dbo].[availability] ([id], [end_time], [start_time], [status], [profile_id]) VALUES (1117, CAST(N'2025-03-13T17:00:00.0000000' AS DateTime2), CAST(N'2025-03-13T09:00:00.0000000' AS DateTime2), N'AVAILABLE', 2)
INSERT [dbo].[availability] ([id], [end_time], [start_time], [status], [profile_id]) VALUES (1118, CAST(N'2025-03-16T17:00:00.0000000' AS DateTime2), CAST(N'2025-03-16T09:00:00.0000000' AS DateTime2), N'AVAILABLE', 2)
INSERT [dbo].[availability] ([id], [end_time], [start_time], [status], [profile_id]) VALUES (1119, CAST(N'2025-03-07T17:00:00.0000000' AS DateTime2), CAST(N'2025-03-07T09:45:00.0000000' AS DateTime2), N'AVAILABLE', 2)
INSERT [dbo].[availability] ([id], [end_time], [start_time], [status], [profile_id]) VALUES (1120, CAST(N'2025-03-11T17:00:00.0000000' AS DateTime2), CAST(N'2025-03-11T09:00:00.0000000' AS DateTime2), N'AVAILABLE', 2)
INSERT [dbo].[availability] ([id], [end_time], [start_time], [status], [profile_id]) VALUES (1121, CAST(N'2025-03-15T17:00:00.0000000' AS DateTime2), CAST(N'2025-03-15T09:00:00.0000000' AS DateTime2), N'AVAILABLE', 2)
INSERT [dbo].[availability] ([id], [end_time], [start_time], [status], [profile_id]) VALUES (1122, CAST(N'2025-03-17T10:45:00.0000000' AS DateTime2), CAST(N'2025-03-17T09:00:00.0000000' AS DateTime2), N'AVAILABLE', 2)
INSERT [dbo].[availability] ([id], [end_time], [start_time], [status], [profile_id]) VALUES (1123, CAST(N'2025-03-30T17:00:00.0000000' AS DateTime2), CAST(N'2025-03-30T09:00:00.0000000' AS DateTime2), N'AVAILABLE', 2)
INSERT [dbo].[availability] ([id], [end_time], [start_time], [status], [profile_id]) VALUES (1124, CAST(N'2025-03-14T17:00:00.0000000' AS DateTime2), CAST(N'2025-03-14T09:30:00.0000000' AS DateTime2), N'AVAILABLE', 2)
INSERT [dbo].[availability] ([id], [end_time], [start_time], [status], [profile_id]) VALUES (1125, CAST(N'2025-03-05T11:15:00.0000000' AS DateTime2), CAST(N'2025-03-05T09:00:00.0000000' AS DateTime2), N'AVAILABLE', 2)
INSERT [dbo].[availability] ([id], [end_time], [start_time], [status], [profile_id]) VALUES (1126, CAST(N'2025-03-05T17:00:00.0000000' AS DateTime2), CAST(N'2025-03-05T16:00:00.0000000' AS DateTime2), N'BOOKED', 2)
INSERT [dbo].[availability] ([id], [end_time], [start_time], [status], [profile_id]) VALUES (1127, CAST(N'2025-03-06T10:15:00.0000000' AS DateTime2), CAST(N'2025-03-06T09:30:00.0000000' AS DateTime2), N'BOOKED', 2)
INSERT [dbo].[availability] ([id], [end_time], [start_time], [status], [profile_id]) VALUES (1128, CAST(N'2025-03-06T17:00:00.0000000' AS DateTime2), CAST(N'2025-03-06T10:15:00.0000000' AS DateTime2), N'AVAILABLE', 2)
INSERT [dbo].[availability] ([id], [end_time], [start_time], [status], [profile_id]) VALUES (1133, CAST(N'2025-03-19T17:00:00.0000000' AS DateTime2), CAST(N'2025-03-19T11:00:00.0000000' AS DateTime2), N'AVAILABLE', 2)
INSERT [dbo].[availability] ([id], [end_time], [start_time], [status], [profile_id]) VALUES (1135, CAST(N'2025-03-19T11:00:00.0000000' AS DateTime2), CAST(N'2025-03-19T10:45:00.0000000' AS DateTime2), N'BOOKED', 2)
INSERT [dbo].[availability] ([id], [end_time], [start_time], [status], [profile_id]) VALUES (1136, CAST(N'2025-03-17T11:45:00.0000000' AS DateTime2), CAST(N'2025-03-17T10:45:00.0000000' AS DateTime2), N'BOOKED', 2)
INSERT [dbo].[availability] ([id], [end_time], [start_time], [status], [profile_id]) VALUES (1137, CAST(N'2025-03-17T17:00:00.0000000' AS DateTime2), CAST(N'2025-03-17T11:45:00.0000000' AS DateTime2), N'AVAILABLE', 2)
INSERT [dbo].[availability] ([id], [end_time], [start_time], [status], [profile_id]) VALUES (1138, CAST(N'2025-03-12T09:15:00.0000000' AS DateTime2), CAST(N'2025-03-12T09:00:00.0000000' AS DateTime2), N'BOOKED', 2)
INSERT [dbo].[availability] ([id], [end_time], [start_time], [status], [profile_id]) VALUES (1139, CAST(N'2025-03-20T09:15:00.0000000' AS DateTime2), CAST(N'2025-03-20T09:00:00.0000000' AS DateTime2), N'BOOKED', 2)
INSERT [dbo].[availability] ([id], [end_time], [start_time], [status], [profile_id]) VALUES (1140, CAST(N'2025-03-29T10:45:00.0000000' AS DateTime2), CAST(N'2025-03-29T09:45:00.0000000' AS DateTime2), N'BOOKED', 2)
INSERT [dbo].[availability] ([id], [end_time], [start_time], [status], [profile_id]) VALUES (1141, CAST(N'2025-03-29T17:00:00.0000000' AS DateTime2), CAST(N'2025-03-29T10:45:00.0000000' AS DateTime2), N'AVAILABLE', 2)
INSERT [dbo].[availability] ([id], [end_time], [start_time], [status], [profile_id]) VALUES (1152, CAST(N'2025-03-07T09:45:00.0000000' AS DateTime2), CAST(N'2025-03-07T09:30:00.0000000' AS DateTime2), N'BOOKED', 2)
INSERT [dbo].[availability] ([id], [end_time], [start_time], [status], [profile_id]) VALUES (1153, CAST(N'2025-03-08T09:15:00.0000000' AS DateTime2), CAST(N'2025-03-08T09:00:00.0000000' AS DateTime2), N'BOOKED', 2)
INSERT [dbo].[availability] ([id], [end_time], [start_time], [status], [profile_id]) VALUES (1156, CAST(N'2025-03-14T09:30:00.0000000' AS DateTime2), CAST(N'2025-03-14T09:15:00.0000000' AS DateTime2), N'AVAILABLE', 2)
INSERT [dbo].[availability] ([id], [end_time], [start_time], [status], [profile_id]) VALUES (1161, CAST(N'2025-03-04T11:30:00.0000000' AS DateTime2), CAST(N'2025-03-04T11:15:00.0000000' AS DateTime2), N'AVAILABLE', 2)
INSERT [dbo].[availability] ([id], [end_time], [start_time], [status], [profile_id]) VALUES (1162, CAST(N'2025-03-21T09:15:00.0000000' AS DateTime2), CAST(N'2025-03-21T09:00:00.0000000' AS DateTime2), N'BOOKED', 2)
INSERT [dbo].[availability] ([id], [end_time], [start_time], [status], [profile_id]) VALUES (1163, CAST(N'2025-03-05T12:00:00.0000000' AS DateTime2), CAST(N'2025-03-05T11:15:00.0000000' AS DateTime2), N'BOOKED', 2)
INSERT [dbo].[availability] ([id], [end_time], [start_time], [status], [profile_id]) VALUES (1164, CAST(N'2025-03-05T16:00:00.0000000' AS DateTime2), CAST(N'2025-03-05T12:00:00.0000000' AS DateTime2), N'AVAILABLE', 2)
INSERT [dbo].[availability] ([id], [end_time], [start_time], [status], [profile_id]) VALUES (1165, CAST(N'2025-04-04T10:00:00.0000000' AS DateTime2), CAST(N'2025-04-04T09:15:00.0000000' AS DateTime2), N'AVAILABLE', 2)
INSERT [dbo].[availability] ([id], [end_time], [start_time], [status], [profile_id]) VALUES (1166, CAST(N'2025-07-25T17:00:00.0000000' AS DateTime2), CAST(N'2025-07-25T09:00:00.0000000' AS DateTime2), N'AVAILABLE', 2)
INSERT [dbo].[availability] ([id], [end_time], [start_time], [status], [profile_id]) VALUES (1167, CAST(N'2025-07-24T17:00:00.0000000' AS DateTime2), CAST(N'2025-07-24T09:00:00.0000000' AS DateTime2), N'AVAILABLE', 2)
INSERT [dbo].[availability] ([id], [end_time], [start_time], [status], [profile_id]) VALUES (1170, CAST(N'2025-07-29T17:00:00.0000000' AS DateTime2), CAST(N'2025-07-29T09:00:00.0000000' AS DateTime2), N'AVAILABLE', 2)
INSERT [dbo].[availability] ([id], [end_time], [start_time], [status], [profile_id]) VALUES (1171, CAST(N'2025-07-22T17:00:00.0000000' AS DateTime2), CAST(N'2025-07-22T09:00:00.0000000' AS DateTime2), N'AVAILABLE', 2)
INSERT [dbo].[availability] ([id], [end_time], [start_time], [status], [profile_id]) VALUES (1174, CAST(N'2025-07-30T17:00:00.0000000' AS DateTime2), CAST(N'2025-07-30T09:00:00.0000000' AS DateTime2), N'AVAILABLE', 2)
INSERT [dbo].[availability] ([id], [end_time], [start_time], [status], [profile_id]) VALUES (1177, CAST(N'2025-07-27T17:00:00.0000000' AS DateTime2), CAST(N'2025-07-27T09:00:00.0000000' AS DateTime2), N'AVAILABLE', 2)
INSERT [dbo].[availability] ([id], [end_time], [start_time], [status], [profile_id]) VALUES (1182, CAST(N'2025-07-24T17:00:00.0000000' AS DateTime2), CAST(N'2025-07-24T09:00:00.0000000' AS DateTime2), N'AVAILABLE', 2)
INSERT [dbo].[availability] ([id], [end_time], [start_time], [status], [profile_id]) VALUES (1185, CAST(N'2025-07-26T17:00:00.0000000' AS DateTime2), CAST(N'2025-07-26T09:00:00.0000000' AS DateTime2), N'AVAILABLE', 2)
INSERT [dbo].[availability] ([id], [end_time], [start_time], [status], [profile_id]) VALUES (1186, CAST(N'2025-07-20T17:00:00.0000000' AS DateTime2), CAST(N'2025-07-20T09:00:00.0000000' AS DateTime2), N'AVAILABLE', 2)
INSERT [dbo].[availability] ([id], [end_time], [start_time], [status], [profile_id]) VALUES (1187, CAST(N'2025-07-27T17:00:00.0000000' AS DateTime2), CAST(N'2025-07-27T09:00:00.0000000' AS DateTime2), N'AVAILABLE', 2)
INSERT [dbo].[availability] ([id], [end_time], [start_time], [status], [profile_id]) VALUES (1188, CAST(N'2025-07-25T17:00:00.0000000' AS DateTime2), CAST(N'2025-07-25T09:00:00.0000000' AS DateTime2), N'AVAILABLE', 2)
INSERT [dbo].[availability] ([id], [end_time], [start_time], [status], [profile_id]) VALUES (1190, CAST(N'2025-07-22T17:00:00.0000000' AS DateTime2), CAST(N'2025-07-22T09:00:00.0000000' AS DateTime2), N'AVAILABLE', 2)
INSERT [dbo].[availability] ([id], [end_time], [start_time], [status], [profile_id]) VALUES (1191, CAST(N'2025-07-23T17:00:00.0000000' AS DateTime2), CAST(N'2025-07-23T09:00:00.0000000' AS DateTime2), N'AVAILABLE', 2)
INSERT [dbo].[availability] ([id], [end_time], [start_time], [status], [profile_id]) VALUES (1192, CAST(N'2025-07-21T17:00:00.0000000' AS DateTime2), CAST(N'2025-07-21T09:00:00.0000000' AS DateTime2), N'AVAILABLE', 2)
GO
INSERT [dbo].[availability] ([id], [end_time], [start_time], [status], [profile_id]) VALUES (1193, CAST(N'2025-07-25T17:00:00.0000000' AS DateTime2), CAST(N'2025-07-25T09:00:00.0000000' AS DateTime2), N'AVAILABLE', 2)
INSERT [dbo].[availability] ([id], [end_time], [start_time], [status], [profile_id]) VALUES (1194, CAST(N'2025-07-30T17:00:00.0000000' AS DateTime2), CAST(N'2025-07-30T09:00:00.0000000' AS DateTime2), N'AVAILABLE', 2)
INSERT [dbo].[availability] ([id], [end_time], [start_time], [status], [profile_id]) VALUES (1196, CAST(N'2025-07-20T17:00:00.0000000' AS DateTime2), CAST(N'2025-07-20T09:00:00.0000000' AS DateTime2), N'AVAILABLE', 2)
INSERT [dbo].[availability] ([id], [end_time], [start_time], [status], [profile_id]) VALUES (1199, CAST(N'2025-07-25T17:00:00.0000000' AS DateTime2), CAST(N'2025-07-25T09:00:00.0000000' AS DateTime2), N'AVAILABLE', 2)
INSERT [dbo].[availability] ([id], [end_time], [start_time], [status], [profile_id]) VALUES (1200, CAST(N'2025-07-30T17:00:00.0000000' AS DateTime2), CAST(N'2025-07-30T09:00:00.0000000' AS DateTime2), N'AVAILABLE', 2)
INSERT [dbo].[availability] ([id], [end_time], [start_time], [status], [profile_id]) VALUES (1201, CAST(N'2025-07-29T17:00:00.0000000' AS DateTime2), CAST(N'2025-07-29T09:00:00.0000000' AS DateTime2), N'AVAILABLE', 2)
INSERT [dbo].[availability] ([id], [end_time], [start_time], [status], [profile_id]) VALUES (1202, CAST(N'2025-07-26T17:00:00.0000000' AS DateTime2), CAST(N'2025-07-26T09:00:00.0000000' AS DateTime2), N'AVAILABLE', 2)
INSERT [dbo].[availability] ([id], [end_time], [start_time], [status], [profile_id]) VALUES (1203, CAST(N'2025-07-28T17:00:00.0000000' AS DateTime2), CAST(N'2025-07-28T09:00:00.0000000' AS DateTime2), N'AVAILABLE', 2)
INSERT [dbo].[availability] ([id], [end_time], [start_time], [status], [profile_id]) VALUES (1204, CAST(N'2025-07-27T17:00:00.0000000' AS DateTime2), CAST(N'2025-07-27T09:00:00.0000000' AS DateTime2), N'AVAILABLE', 2)
INSERT [dbo].[availability] ([id], [end_time], [start_time], [status], [profile_id]) VALUES (1205, CAST(N'2025-07-21T17:00:00.0000000' AS DateTime2), CAST(N'2025-07-21T09:00:00.0000000' AS DateTime2), N'AVAILABLE', 2)
INSERT [dbo].[availability] ([id], [end_time], [start_time], [status], [profile_id]) VALUES (1209, CAST(N'2025-07-13T17:00:00.0000000' AS DateTime2), CAST(N'2025-07-13T09:00:00.0000000' AS DateTime2), N'AVAILABLE', 2)
INSERT [dbo].[availability] ([id], [end_time], [start_time], [status], [profile_id]) VALUES (1212, CAST(N'2025-07-21T17:00:00.0000000' AS DateTime2), CAST(N'2025-07-21T09:00:00.0000000' AS DateTime2), N'AVAILABLE', 2)
INSERT [dbo].[availability] ([id], [end_time], [start_time], [status], [profile_id]) VALUES (1213, CAST(N'2025-07-30T17:00:00.0000000' AS DateTime2), CAST(N'2025-07-30T09:00:00.0000000' AS DateTime2), N'AVAILABLE', 2)
INSERT [dbo].[availability] ([id], [end_time], [start_time], [status], [profile_id]) VALUES (1214, CAST(N'2025-07-23T17:00:00.0000000' AS DateTime2), CAST(N'2025-07-23T09:00:00.0000000' AS DateTime2), N'AVAILABLE', 2)
INSERT [dbo].[availability] ([id], [end_time], [start_time], [status], [profile_id]) VALUES (1216, CAST(N'2025-07-26T17:00:00.0000000' AS DateTime2), CAST(N'2025-07-26T09:00:00.0000000' AS DateTime2), N'AVAILABLE', 2)
INSERT [dbo].[availability] ([id], [end_time], [start_time], [status], [profile_id]) VALUES (1218, CAST(N'2025-07-20T17:00:00.0000000' AS DateTime2), CAST(N'2025-07-20T09:00:00.0000000' AS DateTime2), N'AVAILABLE', 2)
INSERT [dbo].[availability] ([id], [end_time], [start_time], [status], [profile_id]) VALUES (1219, CAST(N'2025-07-29T17:00:00.0000000' AS DateTime2), CAST(N'2025-07-29T09:00:00.0000000' AS DateTime2), N'AVAILABLE', 2)
INSERT [dbo].[availability] ([id], [end_time], [start_time], [status], [profile_id]) VALUES (1224, CAST(N'2025-07-26T17:00:00.0000000' AS DateTime2), CAST(N'2025-07-26T09:00:00.0000000' AS DateTime2), N'AVAILABLE', 2)
INSERT [dbo].[availability] ([id], [end_time], [start_time], [status], [profile_id]) VALUES (1226, CAST(N'2025-07-23T17:00:00.0000000' AS DateTime2), CAST(N'2025-07-23T09:00:00.0000000' AS DateTime2), N'AVAILABLE', 2)
INSERT [dbo].[availability] ([id], [end_time], [start_time], [status], [profile_id]) VALUES (1228, CAST(N'2025-07-27T17:00:00.0000000' AS DateTime2), CAST(N'2025-07-27T09:00:00.0000000' AS DateTime2), N'AVAILABLE', 2)
INSERT [dbo].[availability] ([id], [end_time], [start_time], [status], [profile_id]) VALUES (1229, CAST(N'2025-07-30T17:00:00.0000000' AS DateTime2), CAST(N'2025-07-30T09:00:00.0000000' AS DateTime2), N'AVAILABLE', 2)
INSERT [dbo].[availability] ([id], [end_time], [start_time], [status], [profile_id]) VALUES (1230, CAST(N'2025-07-22T17:00:00.0000000' AS DateTime2), CAST(N'2025-07-22T09:00:00.0000000' AS DateTime2), N'AVAILABLE', 2)
INSERT [dbo].[availability] ([id], [end_time], [start_time], [status], [profile_id]) VALUES (1232, CAST(N'2025-07-24T17:00:00.0000000' AS DateTime2), CAST(N'2025-07-24T09:00:00.0000000' AS DateTime2), N'AVAILABLE', 2)
INSERT [dbo].[availability] ([id], [end_time], [start_time], [status], [profile_id]) VALUES (1233, CAST(N'2025-07-24T17:00:00.0000000' AS DateTime2), CAST(N'2025-07-24T09:00:00.0000000' AS DateTime2), N'AVAILABLE', 2)
INSERT [dbo].[availability] ([id], [end_time], [start_time], [status], [profile_id]) VALUES (1235, CAST(N'2025-07-22T17:00:00.0000000' AS DateTime2), CAST(N'2025-07-22T09:00:00.0000000' AS DateTime2), N'AVAILABLE', 2)
INSERT [dbo].[availability] ([id], [end_time], [start_time], [status], [profile_id]) VALUES (1236, CAST(N'2025-07-23T17:00:00.0000000' AS DateTime2), CAST(N'2025-07-23T09:00:00.0000000' AS DateTime2), N'AVAILABLE', 2)
INSERT [dbo].[availability] ([id], [end_time], [start_time], [status], [profile_id]) VALUES (1238, CAST(N'2025-07-28T17:00:00.0000000' AS DateTime2), CAST(N'2025-07-28T09:00:00.0000000' AS DateTime2), N'AVAILABLE', 2)
INSERT [dbo].[availability] ([id], [end_time], [start_time], [status], [profile_id]) VALUES (1239, CAST(N'2025-07-29T17:00:00.0000000' AS DateTime2), CAST(N'2025-07-29T09:00:00.0000000' AS DateTime2), N'AVAILABLE', 2)
INSERT [dbo].[availability] ([id], [end_time], [start_time], [status], [profile_id]) VALUES (1242, CAST(N'2025-07-29T17:00:00.0000000' AS DateTime2), CAST(N'2025-07-29T09:00:00.0000000' AS DateTime2), N'AVAILABLE', 2)
INSERT [dbo].[availability] ([id], [end_time], [start_time], [status], [profile_id]) VALUES (1243, CAST(N'2025-07-28T17:00:00.0000000' AS DateTime2), CAST(N'2025-07-28T09:00:00.0000000' AS DateTime2), N'AVAILABLE', 2)
INSERT [dbo].[availability] ([id], [end_time], [start_time], [status], [profile_id]) VALUES (1245, CAST(N'2025-07-28T17:00:00.0000000' AS DateTime2), CAST(N'2025-07-28T09:00:00.0000000' AS DateTime2), N'AVAILABLE', 2)
INSERT [dbo].[availability] ([id], [end_time], [start_time], [status], [profile_id]) VALUES (1246, CAST(N'2025-08-31T17:00:00.0000000' AS DateTime2), CAST(N'2025-08-31T09:00:00.0000000' AS DateTime2), N'AVAILABLE', 2)
INSERT [dbo].[availability] ([id], [end_time], [start_time], [status], [profile_id]) VALUES (1247, CAST(N'2025-09-02T17:00:00.0000000' AS DateTime2), CAST(N'2025-09-02T09:00:00.0000000' AS DateTime2), N'AVAILABLE', 2)
INSERT [dbo].[availability] ([id], [end_time], [start_time], [status], [profile_id]) VALUES (1248, CAST(N'2025-09-04T17:00:00.0000000' AS DateTime2), CAST(N'2025-09-04T09:00:00.0000000' AS DateTime2), N'AVAILABLE', 2)
INSERT [dbo].[availability] ([id], [end_time], [start_time], [status], [profile_id]) VALUES (1249, CAST(N'2025-09-24T17:00:00.0000000' AS DateTime2), CAST(N'2025-09-24T09:00:00.0000000' AS DateTime2), N'AVAILABLE', 2)
INSERT [dbo].[availability] ([id], [end_time], [start_time], [status], [profile_id]) VALUES (1250, CAST(N'2025-08-13T17:00:00.0000000' AS DateTime2), CAST(N'2025-08-13T09:00:00.0000000' AS DateTime2), N'AVAILABLE', 2)
INSERT [dbo].[availability] ([id], [end_time], [start_time], [status], [profile_id]) VALUES (1251, CAST(N'2025-09-10T17:00:00.0000000' AS DateTime2), CAST(N'2025-09-10T09:00:00.0000000' AS DateTime2), N'AVAILABLE', 2)
INSERT [dbo].[availability] ([id], [end_time], [start_time], [status], [profile_id]) VALUES (1252, CAST(N'2025-08-27T17:00:00.0000000' AS DateTime2), CAST(N'2025-08-27T09:00:00.0000000' AS DateTime2), N'AVAILABLE', 2)
INSERT [dbo].[availability] ([id], [end_time], [start_time], [status], [profile_id]) VALUES (1253, CAST(N'2025-08-16T17:00:00.0000000' AS DateTime2), CAST(N'2025-08-16T09:00:00.0000000' AS DateTime2), N'AVAILABLE', 2)
INSERT [dbo].[availability] ([id], [end_time], [start_time], [status], [profile_id]) VALUES (1254, CAST(N'2025-08-26T17:00:00.0000000' AS DateTime2), CAST(N'2025-08-26T09:00:00.0000000' AS DateTime2), N'AVAILABLE', 2)
INSERT [dbo].[availability] ([id], [end_time], [start_time], [status], [profile_id]) VALUES (1255, CAST(N'2025-08-23T17:00:00.0000000' AS DateTime2), CAST(N'2025-08-23T09:00:00.0000000' AS DateTime2), N'AVAILABLE', 2)
INSERT [dbo].[availability] ([id], [end_time], [start_time], [status], [profile_id]) VALUES (1256, CAST(N'2025-08-22T17:00:00.0000000' AS DateTime2), CAST(N'2025-08-22T09:00:00.0000000' AS DateTime2), N'AVAILABLE', 2)
INSERT [dbo].[availability] ([id], [end_time], [start_time], [status], [profile_id]) VALUES (1257, CAST(N'2025-08-19T17:00:00.0000000' AS DateTime2), CAST(N'2025-08-19T09:00:00.0000000' AS DateTime2), N'AVAILABLE', 2)
INSERT [dbo].[availability] ([id], [end_time], [start_time], [status], [profile_id]) VALUES (1258, CAST(N'2025-08-22T17:00:00.0000000' AS DateTime2), CAST(N'2025-08-22T09:00:00.0000000' AS DateTime2), N'AVAILABLE', 2)
INSERT [dbo].[availability] ([id], [end_time], [start_time], [status], [profile_id]) VALUES (1259, CAST(N'2025-08-11T17:00:00.0000000' AS DateTime2), CAST(N'2025-08-11T09:00:00.0000000' AS DateTime2), N'AVAILABLE', 2)
INSERT [dbo].[availability] ([id], [end_time], [start_time], [status], [profile_id]) VALUES (1260, CAST(N'2025-09-16T17:00:00.0000000' AS DateTime2), CAST(N'2025-09-16T09:00:00.0000000' AS DateTime2), N'AVAILABLE', 2)
INSERT [dbo].[availability] ([id], [end_time], [start_time], [status], [profile_id]) VALUES (1261, CAST(N'2025-08-25T17:00:00.0000000' AS DateTime2), CAST(N'2025-08-25T09:00:00.0000000' AS DateTime2), N'AVAILABLE', 2)
INSERT [dbo].[availability] ([id], [end_time], [start_time], [status], [profile_id]) VALUES (1262, CAST(N'2025-09-09T17:00:00.0000000' AS DateTime2), CAST(N'2025-09-09T09:00:00.0000000' AS DateTime2), N'AVAILABLE', 2)
INSERT [dbo].[availability] ([id], [end_time], [start_time], [status], [profile_id]) VALUES (1263, CAST(N'2025-08-14T17:00:00.0000000' AS DateTime2), CAST(N'2025-08-14T09:00:00.0000000' AS DateTime2), N'AVAILABLE', 2)
INSERT [dbo].[availability] ([id], [end_time], [start_time], [status], [profile_id]) VALUES (1264, CAST(N'2025-09-01T17:00:00.0000000' AS DateTime2), CAST(N'2025-09-01T09:00:00.0000000' AS DateTime2), N'AVAILABLE', 2)
INSERT [dbo].[availability] ([id], [end_time], [start_time], [status], [profile_id]) VALUES (1265, CAST(N'2025-08-24T17:00:00.0000000' AS DateTime2), CAST(N'2025-08-24T09:00:00.0000000' AS DateTime2), N'AVAILABLE', 2)
INSERT [dbo].[availability] ([id], [end_time], [start_time], [status], [profile_id]) VALUES (1266, CAST(N'2025-09-27T17:00:00.0000000' AS DateTime2), CAST(N'2025-09-27T09:00:00.0000000' AS DateTime2), N'AVAILABLE', 2)
INSERT [dbo].[availability] ([id], [end_time], [start_time], [status], [profile_id]) VALUES (1267, CAST(N'2025-09-18T17:00:00.0000000' AS DateTime2), CAST(N'2025-09-18T09:00:00.0000000' AS DateTime2), N'AVAILABLE', 2)
INSERT [dbo].[availability] ([id], [end_time], [start_time], [status], [profile_id]) VALUES (1268, CAST(N'2025-09-15T17:00:00.0000000' AS DateTime2), CAST(N'2025-09-15T09:00:00.0000000' AS DateTime2), N'AVAILABLE', 2)
INSERT [dbo].[availability] ([id], [end_time], [start_time], [status], [profile_id]) VALUES (1269, CAST(N'2025-08-17T17:00:00.0000000' AS DateTime2), CAST(N'2025-08-17T09:00:00.0000000' AS DateTime2), N'AVAILABLE', 2)
INSERT [dbo].[availability] ([id], [end_time], [start_time], [status], [profile_id]) VALUES (1270, CAST(N'2025-08-21T17:00:00.0000000' AS DateTime2), CAST(N'2025-08-21T09:00:00.0000000' AS DateTime2), N'AVAILABLE', 2)
INSERT [dbo].[availability] ([id], [end_time], [start_time], [status], [profile_id]) VALUES (1271, CAST(N'2025-09-19T17:00:00.0000000' AS DateTime2), CAST(N'2025-09-19T09:00:00.0000000' AS DateTime2), N'AVAILABLE', 2)
INSERT [dbo].[availability] ([id], [end_time], [start_time], [status], [profile_id]) VALUES (1272, CAST(N'2025-09-12T17:00:00.0000000' AS DateTime2), CAST(N'2025-09-12T09:00:00.0000000' AS DateTime2), N'AVAILABLE', 2)
INSERT [dbo].[availability] ([id], [end_time], [start_time], [status], [profile_id]) VALUES (1273, CAST(N'2025-09-06T17:00:00.0000000' AS DateTime2), CAST(N'2025-09-06T09:00:00.0000000' AS DateTime2), N'AVAILABLE', 2)
INSERT [dbo].[availability] ([id], [end_time], [start_time], [status], [profile_id]) VALUES (1274, CAST(N'2025-08-18T17:00:00.0000000' AS DateTime2), CAST(N'2025-08-18T09:00:00.0000000' AS DateTime2), N'AVAILABLE', 2)
INSERT [dbo].[availability] ([id], [end_time], [start_time], [status], [profile_id]) VALUES (1275, CAST(N'2025-09-03T17:00:00.0000000' AS DateTime2), CAST(N'2025-09-03T09:00:00.0000000' AS DateTime2), N'AVAILABLE', 2)
INSERT [dbo].[availability] ([id], [end_time], [start_time], [status], [profile_id]) VALUES (1276, CAST(N'2025-09-23T17:00:00.0000000' AS DateTime2), CAST(N'2025-09-23T09:00:00.0000000' AS DateTime2), N'AVAILABLE', 2)
INSERT [dbo].[availability] ([id], [end_time], [start_time], [status], [profile_id]) VALUES (1277, CAST(N'2025-09-28T17:00:00.0000000' AS DateTime2), CAST(N'2025-09-28T09:00:00.0000000' AS DateTime2), N'AVAILABLE', 2)
INSERT [dbo].[availability] ([id], [end_time], [start_time], [status], [profile_id]) VALUES (1278, CAST(N'2025-09-05T17:00:00.0000000' AS DateTime2), CAST(N'2025-09-05T09:00:00.0000000' AS DateTime2), N'AVAILABLE', 2)
INSERT [dbo].[availability] ([id], [end_time], [start_time], [status], [profile_id]) VALUES (1279, CAST(N'2025-09-11T17:00:00.0000000' AS DateTime2), CAST(N'2025-09-11T09:00:00.0000000' AS DateTime2), N'AVAILABLE', 2)
INSERT [dbo].[availability] ([id], [end_time], [start_time], [status], [profile_id]) VALUES (1280, CAST(N'2025-08-19T17:00:00.0000000' AS DateTime2), CAST(N'2025-08-19T09:00:00.0000000' AS DateTime2), N'AVAILABLE', 2)
INSERT [dbo].[availability] ([id], [end_time], [start_time], [status], [profile_id]) VALUES (1281, CAST(N'2025-09-26T17:00:00.0000000' AS DateTime2), CAST(N'2025-09-26T09:00:00.0000000' AS DateTime2), N'AVAILABLE', 2)
INSERT [dbo].[availability] ([id], [end_time], [start_time], [status], [profile_id]) VALUES (1282, CAST(N'2025-08-17T17:00:00.0000000' AS DateTime2), CAST(N'2025-08-17T09:00:00.0000000' AS DateTime2), N'AVAILABLE', 2)
INSERT [dbo].[availability] ([id], [end_time], [start_time], [status], [profile_id]) VALUES (1283, CAST(N'2025-08-25T17:00:00.0000000' AS DateTime2), CAST(N'2025-08-25T09:00:00.0000000' AS DateTime2), N'AVAILABLE', 2)
INSERT [dbo].[availability] ([id], [end_time], [start_time], [status], [profile_id]) VALUES (1284, CAST(N'2025-08-23T17:00:00.0000000' AS DateTime2), CAST(N'2025-08-23T09:00:00.0000000' AS DateTime2), N'AVAILABLE', 2)
INSERT [dbo].[availability] ([id], [end_time], [start_time], [status], [profile_id]) VALUES (1285, CAST(N'2025-09-20T17:00:00.0000000' AS DateTime2), CAST(N'2025-09-20T09:00:00.0000000' AS DateTime2), N'AVAILABLE', 2)
INSERT [dbo].[availability] ([id], [end_time], [start_time], [status], [profile_id]) VALUES (1286, CAST(N'2025-09-29T17:00:00.0000000' AS DateTime2), CAST(N'2025-09-29T09:00:00.0000000' AS DateTime2), N'AVAILABLE', 2)
INSERT [dbo].[availability] ([id], [end_time], [start_time], [status], [profile_id]) VALUES (1287, CAST(N'2025-08-15T17:00:00.0000000' AS DateTime2), CAST(N'2025-08-15T09:00:00.0000000' AS DateTime2), N'AVAILABLE', 2)
INSERT [dbo].[availability] ([id], [end_time], [start_time], [status], [profile_id]) VALUES (1288, CAST(N'2025-09-07T17:00:00.0000000' AS DateTime2), CAST(N'2025-09-07T09:00:00.0000000' AS DateTime2), N'AVAILABLE', 2)
INSERT [dbo].[availability] ([id], [end_time], [start_time], [status], [profile_id]) VALUES (1289, CAST(N'2025-09-30T17:00:00.0000000' AS DateTime2), CAST(N'2025-09-30T09:00:00.0000000' AS DateTime2), N'AVAILABLE', 2)
INSERT [dbo].[availability] ([id], [end_time], [start_time], [status], [profile_id]) VALUES (1290, CAST(N'2025-08-24T17:00:00.0000000' AS DateTime2), CAST(N'2025-08-24T09:00:00.0000000' AS DateTime2), N'AVAILABLE', 2)
INSERT [dbo].[availability] ([id], [end_time], [start_time], [status], [profile_id]) VALUES (1291, CAST(N'2025-08-12T17:00:00.0000000' AS DateTime2), CAST(N'2025-08-12T09:00:00.0000000' AS DateTime2), N'AVAILABLE', 2)
INSERT [dbo].[availability] ([id], [end_time], [start_time], [status], [profile_id]) VALUES (1292, CAST(N'2025-08-28T17:00:00.0000000' AS DateTime2), CAST(N'2025-08-28T09:00:00.0000000' AS DateTime2), N'AVAILABLE', 2)
INSERT [dbo].[availability] ([id], [end_time], [start_time], [status], [profile_id]) VALUES (1293, CAST(N'2025-08-10T17:00:00.0000000' AS DateTime2), CAST(N'2025-08-10T09:00:00.0000000' AS DateTime2), N'AVAILABLE', 2)
INSERT [dbo].[availability] ([id], [end_time], [start_time], [status], [profile_id]) VALUES (1294, CAST(N'2025-08-20T17:00:00.0000000' AS DateTime2), CAST(N'2025-08-20T09:00:00.0000000' AS DateTime2), N'AVAILABLE', 2)
INSERT [dbo].[availability] ([id], [end_time], [start_time], [status], [profile_id]) VALUES (1295, CAST(N'2025-08-30T17:00:00.0000000' AS DateTime2), CAST(N'2025-08-30T09:00:00.0000000' AS DateTime2), N'AVAILABLE', 2)
INSERT [dbo].[availability] ([id], [end_time], [start_time], [status], [profile_id]) VALUES (1296, CAST(N'2025-09-21T17:00:00.0000000' AS DateTime2), CAST(N'2025-09-21T09:00:00.0000000' AS DateTime2), N'AVAILABLE', 2)
INSERT [dbo].[availability] ([id], [end_time], [start_time], [status], [profile_id]) VALUES (1297, CAST(N'2025-08-21T17:00:00.0000000' AS DateTime2), CAST(N'2025-08-21T09:00:00.0000000' AS DateTime2), N'AVAILABLE', 2)
INSERT [dbo].[availability] ([id], [end_time], [start_time], [status], [profile_id]) VALUES (1298, CAST(N'2025-09-14T17:00:00.0000000' AS DateTime2), CAST(N'2025-09-14T09:00:00.0000000' AS DateTime2), N'AVAILABLE', 2)
INSERT [dbo].[availability] ([id], [end_time], [start_time], [status], [profile_id]) VALUES (1299, CAST(N'2025-09-17T17:00:00.0000000' AS DateTime2), CAST(N'2025-09-17T09:00:00.0000000' AS DateTime2), N'AVAILABLE', 2)
INSERT [dbo].[availability] ([id], [end_time], [start_time], [status], [profile_id]) VALUES (1300, CAST(N'2025-08-24T17:00:00.0000000' AS DateTime2), CAST(N'2025-08-24T09:00:00.0000000' AS DateTime2), N'AVAILABLE', 2)
INSERT [dbo].[availability] ([id], [end_time], [start_time], [status], [profile_id]) VALUES (1301, CAST(N'2025-09-22T17:00:00.0000000' AS DateTime2), CAST(N'2025-09-22T09:00:00.0000000' AS DateTime2), N'AVAILABLE', 2)
INSERT [dbo].[availability] ([id], [end_time], [start_time], [status], [profile_id]) VALUES (1302, CAST(N'2025-08-18T17:00:00.0000000' AS DateTime2), CAST(N'2025-08-18T09:00:00.0000000' AS DateTime2), N'AVAILABLE', 2)
INSERT [dbo].[availability] ([id], [end_time], [start_time], [status], [profile_id]) VALUES (1303, CAST(N'2025-09-13T17:00:00.0000000' AS DateTime2), CAST(N'2025-09-13T09:00:00.0000000' AS DateTime2), N'AVAILABLE', 2)
INSERT [dbo].[availability] ([id], [end_time], [start_time], [status], [profile_id]) VALUES (1304, CAST(N'2025-09-25T17:00:00.0000000' AS DateTime2), CAST(N'2025-09-25T09:00:00.0000000' AS DateTime2), N'AVAILABLE', 2)
INSERT [dbo].[availability] ([id], [end_time], [start_time], [status], [profile_id]) VALUES (1305, CAST(N'2025-08-25T17:00:00.0000000' AS DateTime2), CAST(N'2025-08-25T09:00:00.0000000' AS DateTime2), N'AVAILABLE', 2)
INSERT [dbo].[availability] ([id], [end_time], [start_time], [status], [profile_id]) VALUES (1306, CAST(N'2025-08-20T17:00:00.0000000' AS DateTime2), CAST(N'2025-08-20T09:00:00.0000000' AS DateTime2), N'AVAILABLE', 2)
INSERT [dbo].[availability] ([id], [end_time], [start_time], [status], [profile_id]) VALUES (1307, CAST(N'2025-08-29T17:00:00.0000000' AS DateTime2), CAST(N'2025-08-29T09:00:00.0000000' AS DateTime2), N'AVAILABLE', 2)
INSERT [dbo].[availability] ([id], [end_time], [start_time], [status], [profile_id]) VALUES (1308, CAST(N'2025-09-08T17:00:00.0000000' AS DateTime2), CAST(N'2025-09-08T09:00:00.0000000' AS DateTime2), N'AVAILABLE', 2)
INSERT [dbo].[availability] ([id], [end_time], [start_time], [status], [profile_id]) VALUES (1312, CAST(N'2025-06-06T23:59:00.0000000' AS DateTime2), CAST(N'2025-06-06T00:00:00.0000000' AS DateTime2), N'AVAILABLE', 2)
INSERT [dbo].[availability] ([id], [end_time], [start_time], [status], [profile_id]) VALUES (1313, CAST(N'2025-06-14T23:59:00.0000000' AS DateTime2), CAST(N'2025-06-14T00:00:00.0000000' AS DateTime2), N'AVAILABLE', 2)
INSERT [dbo].[availability] ([id], [end_time], [start_time], [status], [profile_id]) VALUES (1314, CAST(N'2025-06-08T23:59:00.0000000' AS DateTime2), CAST(N'2025-06-08T00:00:00.0000000' AS DateTime2), N'AVAILABLE', 2)
INSERT [dbo].[availability] ([id], [end_time], [start_time], [status], [profile_id]) VALUES (1315, CAST(N'2025-06-15T23:59:00.0000000' AS DateTime2), CAST(N'2025-06-15T00:00:00.0000000' AS DateTime2), N'AVAILABLE', 2)
INSERT [dbo].[availability] ([id], [end_time], [start_time], [status], [profile_id]) VALUES (1316, CAST(N'2025-06-05T23:59:00.0000000' AS DateTime2), CAST(N'2025-06-05T00:00:00.0000000' AS DateTime2), N'AVAILABLE', 2)
INSERT [dbo].[availability] ([id], [end_time], [start_time], [status], [profile_id]) VALUES (1317, CAST(N'2025-06-07T23:59:00.0000000' AS DateTime2), CAST(N'2025-06-07T00:00:00.0000000' AS DateTime2), N'AVAILABLE', 2)
GO
INSERT [dbo].[availability] ([id], [end_time], [start_time], [status], [profile_id]) VALUES (1318, CAST(N'2025-06-11T23:59:00.0000000' AS DateTime2), CAST(N'2025-06-11T00:00:00.0000000' AS DateTime2), N'AVAILABLE', 2)
INSERT [dbo].[availability] ([id], [end_time], [start_time], [status], [profile_id]) VALUES (1319, CAST(N'2025-06-09T23:59:00.0000000' AS DateTime2), CAST(N'2025-06-09T00:00:00.0000000' AS DateTime2), N'AVAILABLE', 2)
INSERT [dbo].[availability] ([id], [end_time], [start_time], [status], [profile_id]) VALUES (1320, CAST(N'2025-06-10T23:59:00.0000000' AS DateTime2), CAST(N'2025-06-10T00:00:00.0000000' AS DateTime2), N'AVAILABLE', 2)
INSERT [dbo].[availability] ([id], [end_time], [start_time], [status], [profile_id]) VALUES (1321, CAST(N'2025-06-14T23:59:00.0000000' AS DateTime2), CAST(N'2025-06-14T00:00:00.0000000' AS DateTime2), N'AVAILABLE', 2)
INSERT [dbo].[availability] ([id], [end_time], [start_time], [status], [profile_id]) VALUES (1322, CAST(N'2025-06-11T23:59:00.0000000' AS DateTime2), CAST(N'2025-06-11T00:00:00.0000000' AS DateTime2), N'AVAILABLE', 2)
INSERT [dbo].[availability] ([id], [end_time], [start_time], [status], [profile_id]) VALUES (1323, CAST(N'2025-06-07T23:59:00.0000000' AS DateTime2), CAST(N'2025-06-07T00:00:00.0000000' AS DateTime2), N'AVAILABLE', 2)
INSERT [dbo].[availability] ([id], [end_time], [start_time], [status], [profile_id]) VALUES (1324, CAST(N'2025-06-13T23:59:00.0000000' AS DateTime2), CAST(N'2025-06-13T00:00:00.0000000' AS DateTime2), N'AVAILABLE', 2)
INSERT [dbo].[availability] ([id], [end_time], [start_time], [status], [profile_id]) VALUES (1325, CAST(N'2025-06-04T23:59:00.0000000' AS DateTime2), CAST(N'2025-06-04T00:00:00.0000000' AS DateTime2), N'AVAILABLE', 2)
INSERT [dbo].[availability] ([id], [end_time], [start_time], [status], [profile_id]) VALUES (1326, CAST(N'2025-06-12T23:59:00.0000000' AS DateTime2), CAST(N'2025-06-12T00:00:00.0000000' AS DateTime2), N'AVAILABLE', 2)
INSERT [dbo].[availability] ([id], [end_time], [start_time], [status], [profile_id]) VALUES (1327, CAST(N'2025-06-09T23:59:00.0000000' AS DateTime2), CAST(N'2025-06-09T00:00:00.0000000' AS DateTime2), N'AVAILABLE', 2)
INSERT [dbo].[availability] ([id], [end_time], [start_time], [status], [profile_id]) VALUES (1328, CAST(N'2025-06-12T23:59:00.0000000' AS DateTime2), CAST(N'2025-06-12T00:00:00.0000000' AS DateTime2), N'AVAILABLE', 2)
INSERT [dbo].[availability] ([id], [end_time], [start_time], [status], [profile_id]) VALUES (1329, CAST(N'2025-06-14T23:59:00.0000000' AS DateTime2), CAST(N'2025-06-14T00:00:00.0000000' AS DateTime2), N'AVAILABLE', 2)
INSERT [dbo].[availability] ([id], [end_time], [start_time], [status], [profile_id]) VALUES (1330, CAST(N'2025-06-08T23:59:00.0000000' AS DateTime2), CAST(N'2025-06-08T00:00:00.0000000' AS DateTime2), N'AVAILABLE', 2)
INSERT [dbo].[availability] ([id], [end_time], [start_time], [status], [profile_id]) VALUES (1331, CAST(N'2025-06-02T23:59:00.0000000' AS DateTime2), CAST(N'2025-06-02T00:00:00.0000000' AS DateTime2), N'AVAILABLE', 2)
INSERT [dbo].[availability] ([id], [end_time], [start_time], [status], [profile_id]) VALUES (1332, CAST(N'2025-06-10T23:59:00.0000000' AS DateTime2), CAST(N'2025-06-10T00:00:00.0000000' AS DateTime2), N'AVAILABLE', 2)
INSERT [dbo].[availability] ([id], [end_time], [start_time], [status], [profile_id]) VALUES (1333, CAST(N'2025-06-03T23:59:00.0000000' AS DateTime2), CAST(N'2025-06-03T00:00:00.0000000' AS DateTime2), N'AVAILABLE', 2)
INSERT [dbo].[availability] ([id], [end_time], [start_time], [status], [profile_id]) VALUES (1334, CAST(N'2025-06-01T23:59:00.0000000' AS DateTime2), CAST(N'2025-06-01T00:00:00.0000000' AS DateTime2), N'AVAILABLE', 2)
INSERT [dbo].[availability] ([id], [end_time], [start_time], [status], [profile_id]) VALUES (1335, CAST(N'2025-06-13T23:59:00.0000000' AS DateTime2), CAST(N'2025-06-13T00:00:00.0000000' AS DateTime2), N'AVAILABLE', 2)
INSERT [dbo].[availability] ([id], [end_time], [start_time], [status], [profile_id]) VALUES (1364, CAST(N'2025-10-02T17:00:00.0000000' AS DateTime2), CAST(N'2025-10-02T09:00:00.0000000' AS DateTime2), N'AVAILABLE', 2)
INSERT [dbo].[availability] ([id], [end_time], [start_time], [status], [profile_id]) VALUES (1365, CAST(N'2025-10-13T17:00:00.0000000' AS DateTime2), CAST(N'2025-10-13T09:00:00.0000000' AS DateTime2), N'AVAILABLE', 2)
INSERT [dbo].[availability] ([id], [end_time], [start_time], [status], [profile_id]) VALUES (1366, CAST(N'2025-10-06T17:00:00.0000000' AS DateTime2), CAST(N'2025-10-06T09:00:00.0000000' AS DateTime2), N'AVAILABLE', 2)
INSERT [dbo].[availability] ([id], [end_time], [start_time], [status], [profile_id]) VALUES (1367, CAST(N'2025-10-28T17:00:00.0000000' AS DateTime2), CAST(N'2025-10-28T09:00:00.0000000' AS DateTime2), N'AVAILABLE', 2)
INSERT [dbo].[availability] ([id], [end_time], [start_time], [status], [profile_id]) VALUES (1368, CAST(N'2025-10-19T17:00:00.0000000' AS DateTime2), CAST(N'2025-10-19T09:00:00.0000000' AS DateTime2), N'AVAILABLE', 2)
INSERT [dbo].[availability] ([id], [end_time], [start_time], [status], [profile_id]) VALUES (1369, CAST(N'2025-10-14T17:00:00.0000000' AS DateTime2), CAST(N'2025-10-14T09:00:00.0000000' AS DateTime2), N'AVAILABLE', 2)
INSERT [dbo].[availability] ([id], [end_time], [start_time], [status], [profile_id]) VALUES (1370, CAST(N'2025-10-21T17:00:00.0000000' AS DateTime2), CAST(N'2025-10-21T09:00:00.0000000' AS DateTime2), N'AVAILABLE', 2)
INSERT [dbo].[availability] ([id], [end_time], [start_time], [status], [profile_id]) VALUES (1371, CAST(N'2025-10-31T17:00:00.0000000' AS DateTime2), CAST(N'2025-10-31T09:00:00.0000000' AS DateTime2), N'AVAILABLE', 2)
INSERT [dbo].[availability] ([id], [end_time], [start_time], [status], [profile_id]) VALUES (1372, CAST(N'2025-10-18T17:00:00.0000000' AS DateTime2), CAST(N'2025-10-18T09:00:00.0000000' AS DateTime2), N'AVAILABLE', 2)
INSERT [dbo].[availability] ([id], [end_time], [start_time], [status], [profile_id]) VALUES (1373, CAST(N'2025-10-15T17:00:00.0000000' AS DateTime2), CAST(N'2025-10-15T09:00:00.0000000' AS DateTime2), N'AVAILABLE', 2)
INSERT [dbo].[availability] ([id], [end_time], [start_time], [status], [profile_id]) VALUES (1374, CAST(N'2025-10-08T17:00:00.0000000' AS DateTime2), CAST(N'2025-10-08T09:00:00.0000000' AS DateTime2), N'AVAILABLE', 2)
INSERT [dbo].[availability] ([id], [end_time], [start_time], [status], [profile_id]) VALUES (1375, CAST(N'2025-10-17T17:00:00.0000000' AS DateTime2), CAST(N'2025-10-17T09:00:00.0000000' AS DateTime2), N'AVAILABLE', 2)
INSERT [dbo].[availability] ([id], [end_time], [start_time], [status], [profile_id]) VALUES (1376, CAST(N'2025-10-24T17:00:00.0000000' AS DateTime2), CAST(N'2025-10-24T09:00:00.0000000' AS DateTime2), N'AVAILABLE', 2)
INSERT [dbo].[availability] ([id], [end_time], [start_time], [status], [profile_id]) VALUES (1377, CAST(N'2025-10-29T17:00:00.0000000' AS DateTime2), CAST(N'2025-10-29T09:00:00.0000000' AS DateTime2), N'AVAILABLE', 2)
INSERT [dbo].[availability] ([id], [end_time], [start_time], [status], [profile_id]) VALUES (1378, CAST(N'2025-10-05T17:00:00.0000000' AS DateTime2), CAST(N'2025-10-05T09:00:00.0000000' AS DateTime2), N'AVAILABLE', 2)
INSERT [dbo].[availability] ([id], [end_time], [start_time], [status], [profile_id]) VALUES (1379, CAST(N'2025-10-23T17:00:00.0000000' AS DateTime2), CAST(N'2025-10-23T09:00:00.0000000' AS DateTime2), N'AVAILABLE', 2)
INSERT [dbo].[availability] ([id], [end_time], [start_time], [status], [profile_id]) VALUES (1380, CAST(N'2025-10-30T17:00:00.0000000' AS DateTime2), CAST(N'2025-10-30T09:00:00.0000000' AS DateTime2), N'AVAILABLE', 2)
INSERT [dbo].[availability] ([id], [end_time], [start_time], [status], [profile_id]) VALUES (1381, CAST(N'2025-10-25T17:00:00.0000000' AS DateTime2), CAST(N'2025-10-25T09:00:00.0000000' AS DateTime2), N'AVAILABLE', 2)
INSERT [dbo].[availability] ([id], [end_time], [start_time], [status], [profile_id]) VALUES (1382, CAST(N'2025-10-11T17:00:00.0000000' AS DateTime2), CAST(N'2025-10-11T09:00:00.0000000' AS DateTime2), N'AVAILABLE', 2)
INSERT [dbo].[availability] ([id], [end_time], [start_time], [status], [profile_id]) VALUES (1383, CAST(N'2025-10-16T17:00:00.0000000' AS DateTime2), CAST(N'2025-10-16T09:00:00.0000000' AS DateTime2), N'AVAILABLE', 2)
INSERT [dbo].[availability] ([id], [end_time], [start_time], [status], [profile_id]) VALUES (1384, CAST(N'2025-10-07T17:00:00.0000000' AS DateTime2), CAST(N'2025-10-07T09:00:00.0000000' AS DateTime2), N'AVAILABLE', 2)
INSERT [dbo].[availability] ([id], [end_time], [start_time], [status], [profile_id]) VALUES (1385, CAST(N'2025-10-03T17:00:00.0000000' AS DateTime2), CAST(N'2025-10-03T09:00:00.0000000' AS DateTime2), N'AVAILABLE', 2)
INSERT [dbo].[availability] ([id], [end_time], [start_time], [status], [profile_id]) VALUES (1386, CAST(N'2025-10-20T17:00:00.0000000' AS DateTime2), CAST(N'2025-10-20T09:00:00.0000000' AS DateTime2), N'AVAILABLE', 2)
INSERT [dbo].[availability] ([id], [end_time], [start_time], [status], [profile_id]) VALUES (1387, CAST(N'2025-10-04T17:00:00.0000000' AS DateTime2), CAST(N'2025-10-04T09:00:00.0000000' AS DateTime2), N'AVAILABLE', 2)
INSERT [dbo].[availability] ([id], [end_time], [start_time], [status], [profile_id]) VALUES (1388, CAST(N'2025-10-12T17:00:00.0000000' AS DateTime2), CAST(N'2025-10-12T09:00:00.0000000' AS DateTime2), N'AVAILABLE', 2)
INSERT [dbo].[availability] ([id], [end_time], [start_time], [status], [profile_id]) VALUES (1389, CAST(N'2025-10-27T17:00:00.0000000' AS DateTime2), CAST(N'2025-10-27T09:00:00.0000000' AS DateTime2), N'AVAILABLE', 2)
INSERT [dbo].[availability] ([id], [end_time], [start_time], [status], [profile_id]) VALUES (1390, CAST(N'2025-10-01T17:00:00.0000000' AS DateTime2), CAST(N'2025-10-01T09:00:00.0000000' AS DateTime2), N'AVAILABLE', 2)
INSERT [dbo].[availability] ([id], [end_time], [start_time], [status], [profile_id]) VALUES (1391, CAST(N'2025-10-09T17:00:00.0000000' AS DateTime2), CAST(N'2025-10-09T09:00:00.0000000' AS DateTime2), N'AVAILABLE', 2)
INSERT [dbo].[availability] ([id], [end_time], [start_time], [status], [profile_id]) VALUES (1392, CAST(N'2025-10-26T17:00:00.0000000' AS DateTime2), CAST(N'2025-10-26T09:00:00.0000000' AS DateTime2), N'AVAILABLE', 2)
INSERT [dbo].[availability] ([id], [end_time], [start_time], [status], [profile_id]) VALUES (1393, CAST(N'2025-10-10T17:00:00.0000000' AS DateTime2), CAST(N'2025-10-10T09:00:00.0000000' AS DateTime2), N'AVAILABLE', 2)
INSERT [dbo].[availability] ([id], [end_time], [start_time], [status], [profile_id]) VALUES (1394, CAST(N'2025-10-22T17:00:00.0000000' AS DateTime2), CAST(N'2025-10-22T09:00:00.0000000' AS DateTime2), N'AVAILABLE', 2)
INSERT [dbo].[availability] ([id], [end_time], [start_time], [status], [profile_id]) VALUES (1395, CAST(N'2025-04-04T09:15:00.0000000' AS DateTime2), CAST(N'2025-04-04T09:00:00.0000000' AS DateTime2), N'PENDING', 2)
INSERT [dbo].[availability] ([id], [end_time], [start_time], [status], [profile_id]) VALUES (1396, CAST(N'2025-04-23T09:15:00.0000000' AS DateTime2), CAST(N'2025-04-23T09:00:00.0000000' AS DateTime2), N'PENDING', 2)
SET IDENTITY_INSERT [dbo].[availability] OFF
GO
SET IDENTITY_INSERT [dbo].[conversations] ON

INSERT [dbo].[conversations] ([id], [created_at], [profile1_id], [profile2_id], [last_message_id]) VALUES (1, CAST(N'2025-03-16T09:45:48.1004660' AS DateTime2), 2, 9, NULL)
INSERT [dbo].[conversations] ([id], [created_at], [profile1_id], [profile2_id], [last_message_id]) VALUES (2, CAST(N'2025-03-16T10:11:03.1002300' AS DateTime2), 2, 18,NULL)
INSERT [dbo].[conversations] ([id], [created_at], [profile1_id], [profile2_id], [last_message_id]) VALUES (3, CAST(N'2025-03-17T09:54:06.0448660' AS DateTime2), 9, 7, NULL)
INSERT [dbo].[conversations] ([id], [created_at], [profile1_id], [profile2_id], [last_message_id]) VALUES (5, CAST(N'2025-03-17T17:32:16.4157390' AS DateTime2), 2, 7, NULL)
INSERT [dbo].[conversations] ([id], [created_at], [profile1_id], [profile2_id], [last_message_id]) VALUES (8, CAST(N'2025-03-27T18:46:25.1465630' AS DateTime2), 2, 14, NULL)
INSERT [dbo].[conversations] ([id], [created_at], [profile1_id], [profile2_id], [last_message_id]) VALUES (9, CAST(N'2025-03-27T19:01:09.2567020' AS DateTime2), 2, 8, NULL)
INSERT [dbo].[conversations] ([id], [created_at], [profile1_id], [profile2_id], [last_message_id]) VALUES (10, CAST(N'2025-03-29T09:21:50.6464510' AS DateTime2), 2, 20, NULL)
INSERT [dbo].[conversations] ([id], [created_at], [profile1_id], [profile2_id], [last_message_id]) VALUES (11, CAST(N'2025-03-29T11:53:42.0716680' AS DateTime2), 2, 2, NULL)
INSERT [dbo].[conversations] ([id], [created_at], [profile1_id], [profile2_id], [last_message_id]) VALUES (12, CAST(N'2025-04-13T10:17:59.9318840' AS DateTime2), 35, 25, NULL)
INSERT [dbo].[conversations] ([id], [created_at], [profile1_id], [profile2_id], [last_message_id]) VALUES (13, CAST(N'2025-04-13T10:19:34.5062030' AS DateTime2), 2, 25, NULL)
INSERT [dbo].[conversations] ([id], [created_at], [profile1_id], [profile2_id], [last_message_id]) VALUES (14, CAST(N'2025-04-25T10:16:30.7863230' AS DateTime2), 9, 8, NULL)
INSERT [dbo].[conversations] ([id], [created_at], [profile1_id], [profile2_id], [last_message_id]) VALUES (15, CAST(N'2025-04-26T16:19:14.8002720' AS DateTime2), 15, 25, NULL)
SET IDENTITY_INSERT [dbo].[conversations] OFF

GO
SET IDENTITY_INSERT [dbo].[genre] ON

INSERT [dbo].[genre] ([id], [name]) VALUES (1, N'Rock')
INSERT [dbo].[genre] ([id], [name]) VALUES (2, N'Classical')
INSERT [dbo].[genre] ([id], [name]) VALUES (3, N'Metal')
INSERT [dbo].[genre] ([id], [name]) VALUES (4, N'Jazz')
INSERT [dbo].[genre] ([id], [name]) VALUES (5, N'Pop')
INSERT [dbo].[genre] ([id], [name]) VALUES (6, N'Synthwave')
INSERT [dbo].[genre] ([id], [name]) VALUES (7, N'Funk')
INSERT [dbo].[genre] ([id], [name]) VALUES (8, N'Fusion')
INSERT [dbo].[genre] ([id], [name]) VALUES (9, N'Country')
SET IDENTITY_INSERT [dbo].[genre] OFF
GO
SET IDENTITY_INSERT [dbo].[image] ON

INSERT [dbo].[image] ([id], [description], [url], [filename]) VALUES (1, N'Screenshot 2024-11-17 131713.png', N'https://storage.googleapis.com/download/storage/v1/b/tuneup_profile_images/o/7d0af021-ba11-4d14-a3b5-f15e8b76bf8f-Screenshot%202024-11-17%20131713.png?generation=1734967672918554&alt=media', NULL)
INSERT [dbo].[image] ([id], [description], [url], [filename]) VALUES (2, N'defaultProfilePicture.jpg', N'https://storage.googleapis.com/download/storage/v1/b/tuneup_profile_images/o/79a88d6b-8196-49cf-9cde-d6d4d3bf10fd-defaultProfilePicture.jpg?generation=1735034744997677&alt=media', NULL)
INSERT [dbo].[image] ([id], [description], [url], [filename]) VALUES (3, N'pexels-pavel-danilyuk-7521284.jpg', N'https://storage.googleapis.com/download/storage/v1/b/tuneup_profile_images/o/bddeeb17-3aef-48aa-b4e5-2677660525b4-pexels-pavel-danilyuk-7521284.jpg?generation=1735036687960592&alt=media', NULL)
INSERT [dbo].[image] ([id], [description], [url], [filename]) VALUES (4, N'pexels-cottonbro-10222320.jpg', N'https://storage.googleapis.com/download/storage/v1/b/tuneup_profile_images/o/aae4988d-fe72-47a9-9d32-6d6941257eca-pexels-cottonbro-10222320.jpg?generation=1735036742999176&alt=media', NULL)
INSERT [dbo].[image] ([id], [description], [url], [filename]) VALUES (5, N'pexels-yankrukov-8520444.jpg', N'https://storage.googleapis.com/download/storage/v1/b/tuneup_profile_images/o/c6ca2fd1-539d-4ba9-9fad-4a58b8aae1c1-pexels-yankrukov-8520444.jpg?generation=1735036793538974&alt=media', NULL)
INSERT [dbo].[image] ([id], [description], [url], [filename]) VALUES (6, N'pexels-pavel-danilyuk-7521354.jpg', N'https://storage.googleapis.com/download/storage/v1/b/tuneup_profile_images/o/975c10fb-e22a-46d4-a78f-1bfccfaec476-pexels-pavel-danilyuk-7521354.jpg?generation=1735036830475159&alt=media', NULL)
INSERT [dbo].[image] ([id], [description], [url], [filename]) VALUES (7, N'pexels-katya-v-1595595860-27439318.jpg', N'https://storage.googleapis.com/download/storage/v1/b/tuneup_profile_images/o/7c8e533e-3f63-4ccf-a3a3-4ff4d0fcb5d9-pexels-katya-v-1595595860-27439318.jpg?generation=1735036894470051&alt=media', NULL)
INSERT [dbo].[image] ([id], [description], [url], [filename]) VALUES (8, N'pexels-pavel-danilyuk-7520929.jpg', N'https://storage.googleapis.com/download/storage/v1/b/tuneup_profile_images/o/313fa7f4-4191-44c4-bb88-03777e18a11f-pexels-pavel-danilyuk-7520929.jpg?generation=1735036952762856&alt=media', NULL)
INSERT [dbo].[image] ([id], [description], [url], [filename]) VALUES (9, N'pexels-cottonbro-10222325.jpg', N'https://storage.googleapis.com/download/storage/v1/b/tuneup_profile_images/o/6327a31c-c83c-4c1d-9c1c-fe1b2b844bc5-pexels-cottonbro-10222325.jpg?generation=1735037021866872&alt=media', NULL)
INSERT [dbo].[image] ([id], [description], [url], [filename]) VALUES (10, N'pexels-cottonbro-10222315.jpg', N'https://storage.googleapis.com/download/storage/v1/b/tuneup_profile_images/o/647ec9ac-d6f6-420c-99ba-c53700e14303-pexels-cottonbro-10222315.jpg?generation=1735037098887021&alt=media', NULL)
INSERT [dbo].[image] ([id], [description], [url], [filename]) VALUES (11, N'pexels-yankrukov-8520145.jpg', N'https://storage.googleapis.com/download/storage/v1/b/tuneup_profile_images/o/8d7b0313-6602-45f2-8c17-3b50e85274e5-pexels-yankrukov-8520145.jpg?generation=1735038372338271&alt=media', NULL)
INSERT [dbo].[image] ([id], [description], [url], [filename]) VALUES (12, N'tune_up_logo_navbar.png', N'https://storage.googleapis.com/download/storage/v1/b/tuneup_profile_images/o/5cb68e5c-49b0-45a2-bd2b-3540891b3d6d-tune_up_logo_navbar.png?generation=1735038463360462&alt=media', NULL)
INSERT [dbo].[image] ([id], [description], [url], [filename]) VALUES (13, N'tune_up_logo_linear_navbar.png', N'https://storage.googleapis.com/download/storage/v1/b/tuneup_profile_images/o/65783442-6826-4708-b85a-f4ea47ff9e7e-tune_up_logo_linear_navbar.png?generation=1735038552596580&alt=media', NULL)
INSERT [dbo].[image] ([id], [description], [url], [filename]) VALUES (14, N'pexels-yankrukov-8520444.jpg', N'https://storage.googleapis.com/download/storage/v1/b/tuneup_profile_images/o/998e689b-f80e-4dbc-9667-b18fd9f6c260-pexels-yankrukov-8520444.jpg?generation=1735038582789844&alt=media', NULL)
INSERT [dbo].[image] ([id], [description], [url], [filename]) VALUES (15, N'pexels-cottonbro-10254337.jpg', N'https://storage.googleapis.com/download/storage/v1/b/tuneup_profile_images/o/a4cc51a0-3471-4d32-8f64-1cb16acfd45f-pexels-cottonbro-10254337.jpg?generation=1735038658194007&alt=media', NULL)
INSERT [dbo].[image] ([id], [description], [url], [filename]) VALUES (16, N'pexels-cottonbro-10254337.jpg', N'https://storage.googleapis.com/download/storage/v1/b/tuneup_profile_images/o/d7809e23-c51f-4277-ad51-4e7e22b65f69-pexels-cottonbro-10254337.jpg?generation=1735038738207663&alt=media', NULL)
INSERT [dbo].[image] ([id], [description], [url], [filename]) VALUES (17, N'defaultProfilePicture.jpg', N'https://storage.googleapis.com/download/storage/v1/b/tuneup_profile_images/o/aa9cf65c-9bef-44b4-892a-369a6b259149-defaultProfilePicture.jpg?generation=1735038745450347&alt=media', NULL)
INSERT [dbo].[image] ([id], [description], [url], [filename]) VALUES (18, N'pexels-yankrukov-8519673.jpg', N'https://storage.googleapis.com/download/storage/v1/b/tuneup_profile_images/o/fd5806dd-a952-49e7-b98b-c4a216d16fcf-pexels-yankrukov-8519673.jpg?generation=1735038753827643&alt=media', NULL)
INSERT [dbo].[image] ([id], [description], [url], [filename]) VALUES (19, N'pexels-cottonbro-10222320.jpg', N'https://storage.googleapis.com/download/storage/v1/b/tuneup_profile_images/o/3aaa232e-010a-43e9-80e5-ab8f5d5dba17-pexels-cottonbro-10222320.jpg?generation=1735038785387341&alt=media', NULL)
INSERT [dbo].[image] ([id], [description], [url], [filename]) VALUES (20, N'pexels-cottonbro-10254337.jpg', N'https://storage.googleapis.com/download/storage/v1/b/tuneup_profile_images/o/0c7769f3-15c8-4ef0-b7f0-3203debeb78c-pexels-cottonbro-10254337.jpg?generation=1735038857669427&alt=media', NULL)
INSERT [dbo].[image] ([id], [description], [url], [filename]) VALUES (21, N'pexels-pavel-danilyuk-7521284.jpg', N'https://storage.googleapis.com/download/storage/v1/b/tuneup_profile_images/o/79c01248-0ed0-40f9-b118-8f208bad83d2-pexels-pavel-danilyuk-7521284.jpg?generation=1735038891095749&alt=media', NULL)
INSERT [dbo].[image] ([id], [description], [url], [filename]) VALUES (22, N'pexels-katya-v-1595595860-27439318.jpg', N'https://storage.googleapis.com/download/storage/v1/b/tuneup_profile_images/o/d0d63224-5943-4c96-9a2f-b4db22b0ba54-pexels-katya-v-1595595860-27439318.jpg?generation=1735038913313539&alt=media', NULL)
INSERT [dbo].[image] ([id], [description], [url], [filename]) VALUES (23, N'pexels-cottonbro-10222315.jpg', N'https://storage.googleapis.com/download/storage/v1/b/tuneup_profile_images/o/075f1bb3-656d-4ec4-bc95-05698655c0af-pexels-cottonbro-10222315.jpg?generation=1735039000092998&alt=media', NULL)
INSERT [dbo].[image] ([id], [description], [url], [filename]) VALUES (24, N'defaultProfilePicture.jpg', N'https://storage.googleapis.com/download/storage/v1/b/tuneup_profile_images/o/189546f5-8b63-4367-b89a-00ac3cce8fa3-defaultProfilePicture.jpg?generation=1735039219238459&alt=media', NULL)
INSERT [dbo].[image] ([id], [description], [url], [filename]) VALUES (25, N'pexels-cottonbro-10222315.jpg', N'https://storage.googleapis.com/download/storage/v1/b/tuneup_profile_images/o/d6599c30-c94b-445f-ad15-67205aa26165-pexels-cottonbro-10222315.jpg?generation=1735039883989683&alt=media', NULL)
INSERT [dbo].[image] ([id], [description], [url], [filename]) VALUES (26, N'images.jfif', N'https://storage.googleapis.com/download/storage/v1/b/tuneup_profile_images/o/56129020-bb2b-4ccb-aa0b-04b4dc4e688a-images.jfif?generation=1735751804764396&alt=media', NULL)
INSERT [dbo].[image] ([id], [description], [url], [filename]) VALUES (27, N'images.jfif', N'https://storage.googleapis.com/download/storage/v1/b/tuneup_profile_images/o/dacac283-bb9a-4c16-8d4e-e938683b7504-images.jfif?generation=1735751828978703&alt=media', NULL)
INSERT [dbo].[image] ([id], [description], [url], [filename]) VALUES (28, N'logbackgroundimage.jpg', N'https://storage.googleapis.com/download/storage/v1/b/tuneup_profile_images/o/52973b53-8a84-4f91-b8c8-1e684ffcbe86-logbackgroundimage.jpg?generation=1735751888663905&alt=media', NULL)
INSERT [dbo].[image] ([id], [description], [url], [filename]) VALUES (29, N'images.jfif', N'https://storage.googleapis.com/download/storage/v1/b/tuneup_profile_images/o/c7f944da-8745-4825-a230-b74213fb3f0a-images.jfif?generation=1735753349701594&alt=media', NULL)
INSERT [dbo].[image] ([id], [description], [url], [filename]) VALUES (30, N'logbackgroundimage2.jpg', N'https://storage.googleapis.com/download/storage/v1/b/tuneup_profile_images/o/6100d160-da9c-43be-adeb-15a7ea5c3079-logbackgroundimage2.jpg?generation=1740989325827649&alt=media', NULL)
INSERT [dbo].[image] ([id], [description], [url], [filename]) VALUES (31, N'logbackgroundimage.jpg', N'https://storage.googleapis.com/download/storage/v1/b/tuneup_profile_images/o/21b1f292-95b4-4454-ba4d-d0ba36f32de3-logbackgroundimage.jpg?generation=1740989448651432&alt=media', NULL)
SET IDENTITY_INSERT [dbo].[image] OFF
GO
SET IDENTITY_INSERT [dbo].[instrument] ON

INSERT [dbo].[instrument] ([id], [name]) VALUES (4, N'Guitar')
INSERT [dbo].[instrument] ([id], [name]) VALUES (5, N'Piano')
INSERT [dbo].[instrument] ([id], [name]) VALUES (7, N'Drums')
INSERT [dbo].[instrument] ([id], [name]) VALUES (8, N'Vocals')
INSERT [dbo].[instrument] ([id], [name]) VALUES (9, N'Violin')
INSERT [dbo].[instrument] ([id], [name]) VALUES (10, N'Flute')
INSERT [dbo].[instrument] ([id], [name]) VALUES (11, N'Keyboard')
INSERT [dbo].[instrument] ([id], [name]) VALUES (12, N'Cello')
INSERT [dbo].[instrument] ([id], [name]) VALUES (13, N'Bass')
SET IDENTITY_INSERT [dbo].[instrument] OFF
GO
SET IDENTITY_INSERT [dbo].[lesson] ON

INSERT [dbo].[lesson] ([id], [availability_id], [tuition_id], [lesson_status], [lesson_type]) VALUES (15, 1126, 5, N'COMPLETED', N'INPERSON')
INSERT [dbo].[lesson] ([id], [availability_id], [tuition_id], [lesson_status], [lesson_type]) VALUES (16, 1127, 5, N'COMPLETED', NULL)
INSERT [dbo].[lesson] ([id], [availability_id], [tuition_id], [lesson_status], [lesson_type]) VALUES (22, 1136, 6, N'COMPLETED', N'INPERSON')
INSERT [dbo].[lesson] ([id], [availability_id], [tuition_id], [lesson_status], [lesson_type]) VALUES (23, 1135, 6, N'COMPLETED', N'INPERSON')
INSERT [dbo].[lesson] ([id], [availability_id], [tuition_id], [lesson_status], [lesson_type]) VALUES (24, 1138, 6, N'COMPLETED', N'INPERSON')
INSERT [dbo].[lesson] ([id], [availability_id], [tuition_id], [lesson_status], [lesson_type]) VALUES (25, 1139, 6, N'COMPLETED', N'INPERSON')
INSERT [dbo].[lesson] ([id], [availability_id], [tuition_id], [lesson_status], [lesson_type]) VALUES (26, 1140, 6, N'COMPLETED', NULL)
INSERT [dbo].[lesson] ([id], [availability_id], [tuition_id], [lesson_status], [lesson_type]) VALUES (36, 1152, 5, N'COMPLETED', N'INPERSON')
INSERT [dbo].[lesson] ([id], [availability_id], [tuition_id], [lesson_status], [lesson_type]) VALUES (37, 1153, 5, N'CONFIRMED', NULL)
INSERT [dbo].[lesson] ([id], [availability_id], [tuition_id], [lesson_status], [lesson_type]) VALUES (45, 1162, 5, N'CONFIRMED', N'INPERSON')
INSERT [dbo].[lesson] ([id], [availability_id], [tuition_id], [lesson_status], [lesson_type]) VALUES (46, 1163, 5, N'COMPLETED', N'INPERSON')
SET IDENTITY_INSERT [dbo].[lesson] OFF
GO
SET IDENTITY_INSERT [dbo].[messages] ON

INSERT [dbo].[messages] ([id], [content], [is_read], [timestamp], [conversation_id], [sender_profile_id]) VALUES (1, N'hi', 0, CAST(N'2025-03-16T10:47:30.3866400' AS DateTime2), 1, 2)
INSERT [dbo].[messages] ([id], [content], [is_read], [timestamp], [conversation_id], [sender_profile_id]) VALUES (2, N'hi', 0, CAST(N'2025-03-16T11:18:25.5082780' AS DateTime2), 2, 2)
INSERT [dbo].[messages] ([id], [content], [is_read], [timestamp], [conversation_id], [sender_profile_id]) VALUES (3, N'hello', 0, CAST(N'2025-03-16T11:18:56.7798790' AS DateTime2), 1, 2)
INSERT [dbo].[messages] ([id], [content], [is_read], [timestamp], [conversation_id], [sender_profile_id]) VALUES (4, N'hi there', 0, CAST(N'2025-03-16T11:19:07.7878370' AS DateTime2), 1, 2)
INSERT [dbo].[messages] ([id], [content], [is_read], [timestamp], [conversation_id], [sender_profile_id]) VALUES (5, N'Hello Andrew', 0, CAST(N'2025-03-16T11:20:25.3504940' AS DateTime2), 1, 9)
INSERT [dbo].[messages] ([id], [content], [is_read], [timestamp], [conversation_id], [sender_profile_id]) VALUES (6, N'Hello', 0, CAST(N'2025-03-16T11:27:42.1195260' AS DateTime2), 1, 9)
INSERT [dbo].[messages] ([id], [content], [is_read], [timestamp], [conversation_id], [sender_profile_id]) VALUES (7, N'Hi t', 0, CAST(N'2025-03-16T11:27:57.4327180' AS DateTime2), 1, 2)
INSERT [dbo].[messages] ([id], [content], [is_read], [timestamp], [conversation_id], [sender_profile_id]) VALUES (8, N'Can we confirm lesson?', 0, CAST(N'2025-03-16T11:28:14.7866760' AS DateTime2), 1, 9)
INSERT [dbo].[messages] ([id], [content], [is_read], [timestamp], [conversation_id], [sender_profile_id]) VALUES (9, N'Sure thing, but let me just confirm with Jasmin', 0, CAST(N'2025-03-16T11:28:34.7803500' AS DateTime2), 1, 2)
INSERT [dbo].[messages] ([id], [content], [is_read], [timestamp], [conversation_id], [sender_profile_id]) VALUES (10, N'Who is Jasmin', 0, CAST(N'2025-03-16T11:28:41.6042870' AS DateTime2), 1, 9)
INSERT [dbo].[messages] ([id], [content], [is_read], [timestamp], [conversation_id], [sender_profile_id]) VALUES (11, N'dunno', 0, CAST(N'2025-03-16T11:28:46.4830850' AS DateTime2), 1, 2)
INSERT [dbo].[messages] ([id], [content], [is_read], [timestamp], [conversation_id], [sender_profile_id]) VALUES (12, N'Hello', 0, CAST(N'2025-03-16T11:39:24.6379990' AS DateTime2), 2, 2)
INSERT [dbo].[messages] ([id], [content], [is_read], [timestamp], [conversation_id], [sender_profile_id]) VALUES (13, N'hello', 0, CAST(N'2025-03-16T11:43:15.4807520' AS DateTime2), 1, 2)
INSERT [dbo].[messages] ([id], [content], [is_read], [timestamp], [conversation_id], [sender_profile_id]) VALUES (14, N'hello', 0, CAST(N'2025-03-16T11:44:36.6014730' AS DateTime2), 1, 2)
INSERT [dbo].[messages] ([id], [content], [is_read], [timestamp], [conversation_id], [sender_profile_id]) VALUES (15, N'hello', 0, CAST(N'2025-03-16T11:47:16.0832800' AS DateTime2), 1, 2)
INSERT [dbo].[messages] ([id], [content], [is_read], [timestamp], [conversation_id], [sender_profile_id]) VALUES (16, N'hello', 0, CAST(N'2025-03-16T11:47:29.0520800' AS DateTime2), 1, 2)
INSERT [dbo].[messages] ([id], [content], [is_read], [timestamp], [conversation_id], [sender_profile_id]) VALUES (17, N'hello', 0, CAST(N'2025-03-16T11:47:43.5162410' AS DateTime2), 1, 2)
INSERT [dbo].[messages] ([id], [content], [is_read], [timestamp], [conversation_id], [sender_profile_id]) VALUES (18, N'why isnt this working', 0, CAST(N'2025-03-16T11:47:58.2237310' AS DateTime2), 1, 2)
INSERT [dbo].[messages] ([id], [content], [is_read], [timestamp], [conversation_id], [sender_profile_id]) VALUES (19, N'try again', 0, CAST(N'2025-03-16T11:48:40.1831050' AS DateTime2), 1, 2)
INSERT [dbo].[messages] ([id], [content], [is_read], [timestamp], [conversation_id], [sender_profile_id]) VALUES (20, N'Hello', 0, CAST(N'2025-03-16T11:54:42.0581620' AS DateTime2), 1, 9)
INSERT [dbo].[messages] ([id], [content], [is_read], [timestamp], [conversation_id], [sender_profile_id]) VALUES (21, N'hello', 0, CAST(N'2025-03-16T11:54:57.9845250' AS DateTime2), 1, 2)
INSERT [dbo].[messages] ([id], [content], [is_read], [timestamp], [conversation_id], [sender_profile_id]) VALUES (22, N'Hello', 0, CAST(N'2025-03-16T11:56:04.6439400' AS DateTime2), 1, 2)
INSERT [dbo].[messages] ([id], [content], [is_read], [timestamp], [conversation_id], [sender_profile_id]) VALUES (23, N'hello', 0, CAST(N'2025-03-16T11:56:58.8861350' AS DateTime2), 1, 2)
INSERT [dbo].[messages] ([id], [content], [is_read], [timestamp], [conversation_id], [sender_profile_id]) VALUES (24, N'hello', 0, CAST(N'2025-03-16T11:57:03.0426130' AS DateTime2), 1, 9)
INSERT [dbo].[messages] ([id], [content], [is_read], [timestamp], [conversation_id], [sender_profile_id]) VALUES (25, N'Hello', 0, CAST(N'2025-03-16T11:57:52.5096310' AS DateTime2), 1, 2)
INSERT [dbo].[messages] ([id], [content], [is_read], [timestamp], [conversation_id], [sender_profile_id]) VALUES (26, N'Hi', 0, CAST(N'2025-03-16T11:58:11.0720670' AS DateTime2), 1, 9)
INSERT [dbo].[messages] ([id], [content], [is_read], [timestamp], [conversation_id], [sender_profile_id]) VALUES (27, N'Hello', 0, CAST(N'2025-03-16T12:01:09.0304510' AS DateTime2), 2, 2)
INSERT [dbo].[messages] ([id], [content], [is_read], [timestamp], [conversation_id], [sender_profile_id]) VALUES (28, N'Hi', 0, CAST(N'2025-03-16T12:01:53.1225990' AS DateTime2), 1, 9)
INSERT [dbo].[messages] ([id], [content], [is_read], [timestamp], [conversation_id], [sender_profile_id]) VALUES (29, N'Hi', 0, CAST(N'2025-03-16T12:02:05.3107900' AS DateTime2), 1, 2)
INSERT [dbo].[messages] ([id], [content], [is_read], [timestamp], [conversation_id], [sender_profile_id]) VALUES (30, N'hello', 0, CAST(N'2025-03-16T12:03:43.7836550' AS DateTime2), 1, 2)
INSERT [dbo].[messages] ([id], [content], [is_read], [timestamp], [conversation_id], [sender_profile_id]) VALUES (31, N'Hello', 0, CAST(N'2025-03-16T12:04:51.5435510' AS DateTime2), 1, 2)
INSERT [dbo].[messages] ([id], [content], [is_read], [timestamp], [conversation_id], [sender_profile_id]) VALUES (32, N'Hello', 0, CAST(N'2025-03-16T12:05:59.8738880' AS DateTime2), 1, 2)
INSERT [dbo].[messages] ([id], [content], [is_read], [timestamp], [conversation_id], [sender_profile_id]) VALUES (33, N'Hi', 0, CAST(N'2025-03-16T12:06:08.5835540' AS DateTime2), 1, 2)
INSERT [dbo].[messages] ([id], [content], [is_read], [timestamp], [conversation_id], [sender_profile_id]) VALUES (34, N'Hello there', 0, CAST(N'2025-03-16T12:06:40.5037920' AS DateTime2), 1, 2)
INSERT [dbo].[messages] ([id], [content], [is_read], [timestamp], [conversation_id], [sender_profile_id]) VALUES (35, N'Hello', 0, CAST(N'2025-03-16T12:10:48.1259560' AS DateTime2), 1, 2)
INSERT [dbo].[messages] ([id], [content], [is_read], [timestamp], [conversation_id], [sender_profile_id]) VALUES (36, N'Andrew', 0, CAST(N'2025-03-16T12:12:46.4710460' AS DateTime2), 1, 2)
INSERT [dbo].[messages] ([id], [content], [is_read], [timestamp], [conversation_id], [sender_profile_id]) VALUES (37, N'Hello Again', 0, CAST(N'2025-03-16T12:15:45.0000250' AS DateTime2), 1, 2)
INSERT [dbo].[messages] ([id], [content], [is_read], [timestamp], [conversation_id], [sender_profile_id]) VALUES (38, N'Andrew', 0, CAST(N'2025-03-16T12:16:23.9675810' AS DateTime2), 1, 2)
INSERT [dbo].[messages] ([id], [content], [is_read], [timestamp], [conversation_id], [sender_profile_id]) VALUES (39, N'Hello There', 0, CAST(N'2025-03-16T12:17:57.8380660' AS DateTime2), 1, 2)
INSERT [dbo].[messages] ([id], [content], [is_read], [timestamp], [conversation_id], [sender_profile_id]) VALUES (40, N'hELLO', 0, CAST(N'2025-03-16T12:25:50.6313720' AS DateTime2), 2, 2)
INSERT [dbo].[messages] ([id], [content], [is_read], [timestamp], [conversation_id], [sender_profile_id]) VALUES (41, N'hi', 0, CAST(N'2025-03-16T12:32:57.9789310' AS DateTime2), 2, 2)
INSERT [dbo].[messages] ([id], [content], [is_read], [timestamp], [conversation_id], [sender_profile_id]) VALUES (42, N'hi', 0, CAST(N'2025-03-16T12:33:43.5346920' AS DateTime2), 2, 2)
INSERT [dbo].[messages] ([id], [content], [is_read], [timestamp], [conversation_id], [sender_profile_id]) VALUES (43, N'Hi Andrew', 0, CAST(N'2025-03-16T12:33:59.6960310' AS DateTime2), 1, 9)
INSERT [dbo].[messages] ([id], [content], [is_read], [timestamp], [conversation_id], [sender_profile_id]) VALUES (44, N'hi', 0, CAST(N'2025-03-16T12:34:49.6723260' AS DateTime2), 1, 2)
INSERT [dbo].[messages] ([id], [content], [is_read], [timestamp], [conversation_id], [sender_profile_id]) VALUES (45, N'new message', 0, CAST(N'2025-03-16T16:00:12.0914660' AS DateTime2), 1, 2)
INSERT [dbo].[messages] ([id], [content], [is_read], [timestamp], [conversation_id], [sender_profile_id]) VALUES (46, N'Hello there', 0, CAST(N'2025-03-16T16:01:29.4369910' AS DateTime2), 1, 2)
INSERT [dbo].[messages] ([id], [content], [is_read], [timestamp], [conversation_id], [sender_profile_id]) VALUES (47, N'Hi Just want to confirm our lesson for tomorrow', 0, CAST(N'2025-03-16T16:02:30.7878100' AS DateTime2), 1, 2)
INSERT [dbo].[messages] ([id], [content], [is_read], [timestamp], [conversation_id], [sender_profile_id]) VALUES (48, N'Hi Just want to confirm our lesson for tomorrow', 0, CAST(N'2025-03-16T16:03:49.7989720' AS DateTime2), 1, 2)
INSERT [dbo].[messages] ([id], [content], [is_read], [timestamp], [conversation_id], [sender_profile_id]) VALUES (49, N'Hi just wanted  to confirm our lesson for tomorrow', 0, CAST(N'2025-03-16T16:04:04.7308020' AS DateTime2), 1, 2)
INSERT [dbo].[messages] ([id], [content], [is_read], [timestamp], [conversation_id], [sender_profile_id]) VALUES (50, N'Hi Just want to confirm our lesson for tomorrow', 0, CAST(N'2025-03-16T16:04:37.2579790' AS DateTime2), 1, 2)
INSERT [dbo].[messages] ([id], [content], [is_read], [timestamp], [conversation_id], [sender_profile_id]) VALUES (51, N'Andrew', 0, CAST(N'2025-03-16T16:05:25.8934820' AS DateTime2), 1, 2)
INSERT [dbo].[messages] ([id], [content], [is_read], [timestamp], [conversation_id], [sender_profile_id]) VALUES (52, N'why', 0, CAST(N'2025-03-16T16:05:49.8251350' AS DateTime2), 2, 2)
INSERT [dbo].[messages] ([id], [content], [is_read], [timestamp], [conversation_id], [sender_profile_id]) VALUES (53, N'not working', 0, CAST(N'2025-03-16T16:06:01.7917220' AS DateTime2), 1, 2)
INSERT [dbo].[messages] ([id], [content], [is_read], [timestamp], [conversation_id], [sender_profile_id]) VALUES (54, N'Hello there"!"!', 0, CAST(N'2025-03-16T16:07:08.2115380' AS DateTime2), 1, 2)
INSERT [dbo].[messages] ([id], [content], [is_read], [timestamp], [conversation_id], [sender_profile_id]) VALUES (55, N'Hi just wanted  to confirm our lesson for tomorrow', 0, CAST(N'2025-03-16T16:09:46.1766240' AS DateTime2), 2, 2)
INSERT [dbo].[messages] ([id], [content], [is_read], [timestamp], [conversation_id], [sender_profile_id]) VALUES (56, N'Hello', 0, CAST(N'2025-03-16T16:11:02.6425590' AS DateTime2), 2, 2)
INSERT [dbo].[messages] ([id], [content], [is_read], [timestamp], [conversation_id], [sender_profile_id]) VALUES (57, N'Hello', 0, CAST(N'2025-03-16T16:13:00.1300120' AS DateTime2), 1, 9)
INSERT [dbo].[messages] ([id], [content], [is_read], [timestamp], [conversation_id], [sender_profile_id]) VALUES (58, N'hello', 0, CAST(N'2025-03-16T16:13:32.6029460' AS DateTime2), 1, 9)
INSERT [dbo].[messages] ([id], [content], [is_read], [timestamp], [conversation_id], [sender_profile_id]) VALUES (59, N'Hello', 0, CAST(N'2025-03-16T16:14:00.5157430' AS DateTime2), 1, 9)
INSERT [dbo].[messages] ([id], [content], [is_read], [timestamp], [conversation_id], [sender_profile_id]) VALUES (60, N'Hi there', 0, CAST(N'2025-03-16T16:14:10.8924560' AS DateTime2), 1, 2)
INSERT [dbo].[messages] ([id], [content], [is_read], [timestamp], [conversation_id], [sender_profile_id]) VALUES (61, N'Hello', 0, CAST(N'2025-03-16T16:16:42.9479280' AS DateTime2), 1, 9)
INSERT [dbo].[messages] ([id], [content], [is_read], [timestamp], [conversation_id], [sender_profile_id]) VALUES (62, N'Hello', 0, CAST(N'2025-03-16T16:17:16.7452180' AS DateTime2), 1, 9)
INSERT [dbo].[messages] ([id], [content], [is_read], [timestamp], [conversation_id], [sender_profile_id]) VALUES (63, N'Hello', 0, CAST(N'2025-03-16T16:18:02.4307290' AS DateTime2), 1, 9)
INSERT [dbo].[messages] ([id], [content], [is_read], [timestamp], [conversation_id], [sender_profile_id]) VALUES (64, N'Hello', 0, CAST(N'2025-03-16T16:19:44.7394410' AS DateTime2), 1, 9)
INSERT [dbo].[messages] ([id], [content], [is_read], [timestamp], [conversation_id], [sender_profile_id]) VALUES (65, N'Hello', 0, CAST(N'2025-03-16T16:20:10.4910190' AS DateTime2), 1, 9)
INSERT [dbo].[messages] ([id], [content], [is_read], [timestamp], [conversation_id], [sender_profile_id]) VALUES (66, N'Hello', 0, CAST(N'2025-03-16T16:21:15.9394680' AS DateTime2), 1, 9)
INSERT [dbo].[messages] ([id], [content], [is_read], [timestamp], [conversation_id], [sender_profile_id]) VALUES (67, N'Hello', 0, CAST(N'2025-03-16T16:22:55.9533320' AS DateTime2), 1, 9)
INSERT [dbo].[messages] ([id], [content], [is_read], [timestamp], [conversation_id], [sender_profile_id]) VALUES (68, N'Another Message', 0, CAST(N'2025-03-16T16:24:31.9625640' AS DateTime2), 1, 9)
INSERT [dbo].[messages] ([id], [content], [is_read], [timestamp], [conversation_id], [sender_profile_id]) VALUES (69, N'Hi', 0, CAST(N'2025-03-16T16:25:48.6611180' AS DateTime2), 1, 2)
INSERT [dbo].[messages] ([id], [content], [is_read], [timestamp], [conversation_id], [sender_profile_id]) VALUES (70, N'Hi ', 0, CAST(N'2025-03-16T16:26:22.4344650' AS DateTime2), 2, 2)
SET IDENTITY_INSERT [dbo].[messages] OFF

GO
SET IDENTITY_INSERT [dbo].[payment] ON

INSERT [dbo].[payment] ([id], [amount], [due_date], [invoice_url], [status], [tuition_id], [lesson_id], [paid_on], [reminder_sent_on]) VALUES (17, 100, CAST(N'2025-03-08T00:00:00.0000000' AS DateTime2), NULL, N'OVERDUE', 5, 15, CAST(N'2025-03-22T15:08:40.5723850' AS DateTime2), CAST(N'2025-03-08T11:03:57.7826290' AS DateTime2))
INSERT [dbo].[payment] ([id], [amount], [due_date], [invoice_url], [status], [tuition_id], [lesson_id], [paid_on], [reminder_sent_on]) VALUES (19, 100, CAST(N'2025-03-10T00:00:00.0000000' AS DateTime2), NULL, N'OVERDUE', 6, 24, CAST(N'2025-03-08T15:43:18.0750880' AS DateTime2), CAST(N'2025-03-08T15:43:00.9999710' AS DateTime2))
INSERT [dbo].[payment] ([id], [amount], [due_date], [invoice_url], [status], [tuition_id], [lesson_id], [paid_on], [reminder_sent_on]) VALUES (21, 30, CAST(N'2025-07-01T00:00:00.0000000' AS DateTime2), NULL, N'PAID', 6, 25, CAST(N'2025-03-22T10:54:01.1725640' AS DateTime2), CAST(N'2025-03-08T19:31:14.1278980' AS DateTime2))
INSERT [dbo].[payment] ([id], [amount], [due_date], [invoice_url], [status], [tuition_id], [lesson_id], [paid_on], [reminder_sent_on]) VALUES (22, 100, CAST(N'2025-04-10T00:00:00.0000000' AS DateTime2), NULL, N'PAID', 6, 23, CAST(N'2025-03-22T10:54:01.1735610' AS DateTime2), NULL)
INSERT [dbo].[payment] ([id], [amount], [due_date], [invoice_url], [status], [tuition_id], [lesson_id], [paid_on], [reminder_sent_on]) VALUES (26, 55, CAST(N'2025-07-01T00:00:00.0000000' AS DateTime2), N'invoices/e960ff86-4756-4c56-9f02-637031183b9a-Document 8.pdf', N'PAID', 6, 26, CAST(N'2025-03-22T10:54:01.1735610' AS DateTime2), CAST(N'2025-03-17T17:02:07.1817150' AS DateTime2))
INSERT [dbo].[payment] ([id], [amount], [due_date], [invoice_url], [status], [tuition_id], [lesson_id], [paid_on], [reminder_sent_on]) VALUES (27, 100, CAST(N'2025-05-10T00:00:00.0000000' AS DateTime2), N'invoices/50c94f3e-fe4d-41a7-bacd-e0af4dcd41ad-Document 8.pdf', N'PAID', 5, 16, CAST(N'2025-03-22T10:54:01.1735610' AS DateTime2), NULL)
INSERT [dbo].[payment] ([id], [amount], [due_date], [invoice_url], [status], [tuition_id], [lesson_id], [paid_on], [reminder_sent_on]) VALUES (32, 42, CAST(N'2025-12-31T00:00:00.0000000' AS DateTime2), NULL, N'DUE', 5, 46, NULL, NULL)
SET IDENTITY_INSERT [dbo].[payment] OFF
GO
SET IDENTITY_INSERT [dbo].[price] ON

INSERT [dbo].[price] ([id], [description], [period], [rate], [standard_pricing]) VALUES (1, NULL, N'ONE_HOUR', 40, 1)
INSERT [dbo].[price] ([id], [description], [period], [rate], [standard_pricing]) VALUES (2, NULL, N'ONE_HOUR', 30, 1)
INSERT [dbo].[price] ([id], [description], [period], [rate], [standard_pricing]) VALUES (3, NULL, N'ONE_HOUR', 20, 1)
INSERT [dbo].[price] ([id], [description], [period], [rate], [standard_pricing]) VALUES (4, NULL, N'TWO_HOURS', 50, 1)
INSERT [dbo].[price] ([id], [description], [period], [rate], [standard_pricing]) VALUES (5, NULL, N'TWO_HOURS', 55, 1)
INSERT [dbo].[price] ([id], [description], [period], [rate], [standard_pricing]) VALUES (6, NULL, N'TWO_HOURS', 45, 1)
INSERT [dbo].[price] ([id], [description], [period], [rate], [standard_pricing]) VALUES (7, NULL, N'TWO_HOURS', 40, 1)
INSERT [dbo].[price] ([id], [description], [period], [rate], [standard_pricing]) VALUES (8, NULL, N'TWO_HOURS', 35, 1)
INSERT [dbo].[price] ([id], [description], [period], [rate], [standard_pricing]) VALUES (9, NULL, N'TWO_HOURS', 30, 1)
INSERT [dbo].[price] ([id], [description], [period], [rate], [standard_pricing]) VALUES (10, NULL, N'TWO_HOURS', 25, 1)
INSERT [dbo].[price] ([id], [description], [period], [rate], [standard_pricing]) VALUES (11, NULL, N'TWO_HOURS', 20, 1)
INSERT [dbo].[price] ([id], [description], [period], [rate], [standard_pricing]) VALUES (12, NULL, N'TWO_HOURS', 10, 1)
INSERT [dbo].[price] ([id], [description], [period], [rate], [standard_pricing]) VALUES (13, NULL, N'TWO_HOURS', 5, 1)
INSERT [dbo].[price] ([id], [description], [period], [rate], [standard_pricing]) VALUES (14, NULL, N'ONE_HOUR', 5, 1)
INSERT [dbo].[price] ([id], [description], [period], [rate], [standard_pricing]) VALUES (15, NULL, N'ONE_HOUR', 10, 1)
INSERT [dbo].[price] ([id], [description], [period], [rate], [standard_pricing]) VALUES (16, NULL, N'ONE_HOUR', 15, 1)
INSERT [dbo].[price] ([id], [description], [period], [rate], [standard_pricing]) VALUES (18, NULL, N'ONE_HOUR', 25, 1)
INSERT [dbo].[price] ([id], [description], [period], [rate], [standard_pricing]) VALUES (20, NULL, N'ONE_HOUR', 35, 1)
INSERT [dbo].[price] ([id], [description], [period], [rate], [standard_pricing]) VALUES (22, NULL, N'ONE_HOUR', 45, 1)
INSERT [dbo].[price] ([id], [description], [period], [rate], [standard_pricing]) VALUES (24, NULL, N'ONE_HOUR', 55, 1)
INSERT [dbo].[price] ([id], [description], [period], [rate], [standard_pricing]) VALUES (25, NULL, N'ONE_HOUR', 60, 1)
INSERT [dbo].[price] ([id], [description], [period], [rate], [standard_pricing]) VALUES (26, NULL, N'ONE_HOUR', 65, 1)
INSERT [dbo].[price] ([id], [description], [period], [rate], [standard_pricing]) VALUES (27, NULL, N'ONE_HOUR', 70, 1)
INSERT [dbo].[price] ([id], [description], [period], [rate], [standard_pricing]) VALUES (28, NULL, N'ONE_HOUR', 75, 1)
INSERT [dbo].[price] ([id], [description], [period], [rate], [standard_pricing]) VALUES (29, NULL, N'ONE_HOUR', 80, 1)
INSERT [dbo].[price] ([id], [description], [period], [rate], [standard_pricing]) VALUES (30, NULL, N'ONE_HOUR', 85, 1)
INSERT [dbo].[price] ([id], [description], [period], [rate], [standard_pricing]) VALUES (31, NULL, N'ONE_HOUR', 90, 1)
INSERT [dbo].[price] ([id], [description], [period], [rate], [standard_pricing]) VALUES (38, NULL, N'ONE_HOUR', 25, 0)
INSERT [dbo].[price] ([id], [description], [period], [rate], [standard_pricing]) VALUES (39, N'30 minutes', N'CUSTOM', 15, 0)
INSERT [dbo].[price] ([id], [description], [period], [rate], [standard_pricing]) VALUES (40, NULL, N'CUSTOM', 60, 0)
INSERT [dbo].[price] ([id], [description], [period], [rate], [standard_pricing]) VALUES (41, NULL, N'CUSTOM', 45, 0)
INSERT [dbo].[price] ([id], [description], [period], [rate], [standard_pricing]) VALUES (42, NULL, N'TWO_HOURS', 15, 0)
INSERT [dbo].[price] ([id], [description], [period], [rate], [standard_pricing]) VALUES (43, N'50 minutes', N'CUSTOM', 60, 0)
INSERT [dbo].[price] ([id], [description], [period], [rate], [standard_pricing]) VALUES (44, N'50 minutes', N'CUSTOM', 70, 0)
INSERT [dbo].[price] ([id], [description], [period], [rate], [standard_pricing]) VALUES (45, N'50 minutes', N'CUSTOM', 90, 0)
INSERT [dbo].[price] ([id], [description], [period], [rate], [standard_pricing]) VALUES (46, N'75 minutes', N'CUSTOM', 100, 0)
INSERT [dbo].[price] ([id], [description], [period], [rate], [standard_pricing]) VALUES (47, N'Group Session - 1HR', N'CUSTOM', 40, 0)
INSERT [dbo].[price] ([id], [description], [period], [rate], [standard_pricing]) VALUES (48, N'Group of 3-4 for 1hour', N'CUSTOM', 120, 0)
INSERT [dbo].[price] ([id], [description], [period], [rate], [standard_pricing]) VALUES (49, N'Group sessions with 3 or more (price per hour)', N'CUSTOM', 40, 0)
SET IDENTITY_INSERT [dbo].[price] OFF
GO
SET IDENTITY_INSERT [dbo].[profile] ON

INSERT [dbo].[profile] ([id], [bio], [display_name], [profile_type], [app_user_id], [tuition_region_id], [image_id], [average_rating], [lesson_type], [deleted_at]) VALUES (2, N'A tutor with over 10 years of experience across multiple instruments. Specialising in Guitar (bass, electric).', N'Andrew Morrison', N'TUTOR', 8, NULL, 31, 5, N'ONLINE_AND_INPERSON', NULL)
INSERT [dbo].[profile] ([id], [bio], [display_name], [profile_type], [app_user_id], [tuition_region_id], [image_id], [average_rating], [lesson_type], [deleted_at]) VALUES (3, N'Tutor Specialising in classical Piano but also offering modernand contemporary tuition', N'Samuel keys', N'TUTOR', 9, NULL, 3, 0, N'ONLINE', NULL)
INSERT [dbo].[profile] ([id], [bio], [display_name], [profile_type], [app_user_id], [tuition_region_id], [image_id], [average_rating], [lesson_type], [deleted_at]) VALUES (4, N'I''ve been teaching classical guitar for over 20 years! Grades? Hobbiest? I do it all!', N'Franco white', N'TUTOR', 9, NULL, 4, 0, N'ONLINE', NULL)
INSERT [dbo].[profile] ([id], [bio], [display_name], [profile_type], [app_user_id], [tuition_region_id], [image_id], [average_rating], [lesson_type], [deleted_at]) VALUES (5, N'Classical Painist with 10 years of industry experience. I''ve performed with some of the biggest orchestras in the world.', N'Susan Boyle', N'TUTOR', 10, NULL, 5, 0, N'ONLINE', NULL)
INSERT [dbo].[profile] ([id], [bio], [display_name], [profile_type], [app_user_id], [tuition_region_id], [image_id], [average_rating], [lesson_type], [deleted_at]) VALUES (6, N'80s Synthwave and classical piano are my Jam! I offer online and in person lessons as well as groups!', N'Jimmy Neutron', N'TUTOR', 11, NULL, 6, 0, N'ONLINE', NULL)
INSERT [dbo].[profile] ([id], [bio], [display_name], [profile_type], [app_user_id], [tuition_region_id], [image_id], [average_rating], [lesson_type], [deleted_at]) VALUES (7, N'Who want''s to learn flamenco? I have been playing and teaching Flamenco for a lifetime!', N'Alex Pierea', N'TUTOR', 11, NULL, 7, 0, N'ONLINE', NULL)
INSERT [dbo].[profile] ([id], [bio], [display_name], [profile_type], [app_user_id], [tuition_region_id], [image_id], [average_rating], [lesson_type], [deleted_at]) VALUES (8, N'Jazz piano Tuition with a life long concert pianist.', N'Christy Mac', N'TUTOR', 13, NULL, 8, 5, N'ONLINE', NULL)
INSERT [dbo].[profile] ([id], [bio], [display_name], [profile_type], [app_user_id], [tuition_region_id], [image_id], [average_rating], [lesson_type], [deleted_at]) VALUES (9, N'I am a Pianist seeking a tutor for classical and grades', N'Erin Meehan', N'STUDENT', 14, NULL, 9, 0, N'ONLINE', NULL)
INSERT [dbo].[profile] ([id], [bio], [display_name], [profile_type], [app_user_id], [tuition_region_id], [image_id], [average_rating], [lesson_type], [deleted_at]) VALUES (10, N'I am seeking an experienced keyboard tutor ', N'Nathan Woods', N'STUDENT', 15, NULL, NULL, 0, N'ONLINE', NULL)
INSERT [dbo].[profile] ([id], [bio], [display_name], [profile_type], [app_user_id], [tuition_region_id], [image_id], [average_rating], [lesson_type], [deleted_at]) VALUES (11, N'Ive been drumming for 6 years! Mostly punk and hard rock, Looking for a metal drummer tutor ', N'Nathan Woods', N'STUDENT', 16, NULL, NULL, 0, N'ONLINE', NULL)
INSERT [dbo].[profile] ([id], [bio], [display_name], [profile_type], [app_user_id], [tuition_region_id], [image_id], [average_rating], [lesson_type], [deleted_at]) VALUES (12, N'Drum Tutor, specialising in Metal and HardRock. I also do structured courses for grades! ', N'Gillian Woodrow', N'TUTOR', 17, NULL, NULL, 0, N'ONLINE', NULL)
INSERT [dbo].[profile] ([id], [bio], [display_name], [profile_type], [app_user_id], [tuition_region_id], [image_id], [average_rating], [lesson_type], [deleted_at]) VALUES (13, N'Drum Tutor, specialising R and B. I also do structured courses for grades! ', N'Sandra Mills', N'TUTOR', 18, NULL, NULL, 0, N'ONLINE', NULL)
INSERT [dbo].[profile] ([id], [bio], [display_name], [profile_type], [app_user_id], [tuition_region_id], [image_id], [average_rating], [lesson_type], [deleted_at]) VALUES (14, N'A new tutor in the greater manchester Area. I offer group discounts!', N'Arnold Marshall', N'TUTOR', 21, NULL, NULL, 0, N'INPERSON', CAST(N'2025-04-12T11:23:13.5338400' AS DateTime2))
INSERT [dbo].[profile] ([id], [bio], [display_name], [profile_type], [app_user_id], [tuition_region_id], [image_id], [average_rating], [lesson_type], [deleted_at]) VALUES (15, NULL, N'test@gmail.com', N'TUTOR', 22, NULL, NULL, 0, N'INPERSON', NULL)
INSERT [dbo].[profile] ([id], [bio], [display_name], [profile_type], [app_user_id], [tuition_region_id], [image_id], [average_rating], [lesson_type], [deleted_at]) VALUES (16, NULL, N'Jimmy Walker', N'STUDENT', 23, NULL, NULL, 0, NULL, NULL)
INSERT [dbo].[profile] ([id], [bio], [display_name], [profile_type], [app_user_id], [tuition_region_id], [image_id], [average_rating], [lesson_type], [deleted_at]) VALUES (17, NULL, N'Christoph Maner', N'TUTOR', 24, NULL, NULL, 0, NULL, CAST(N'2025-04-12T11:23:13.5338400' AS DateTime2))
INSERT [dbo].[profile] ([id], [bio], [display_name], [profile_type], [app_user_id], [tuition_region_id], [image_id], [average_rating], [lesson_type], [deleted_at]) VALUES (18, NULL, N'Jasmin Henderson', N'STUDENT', 25, NULL, NULL, 0, NULL, NULL)
INSERT [dbo].[profile] ([id], [bio], [display_name], [profile_type], [app_user_id], [tuition_region_id], [image_id], [average_rating], [lesson_type], [deleted_at]) VALUES (19, NULL, N'Jane Doe', N'STUDENT', 26, NULL, NULL, 0, NULL, NULL)
INSERT [dbo].[profile] ([id], [bio], [display_name], [profile_type], [app_user_id], [tuition_region_id], [image_id], [average_rating], [lesson_type], [deleted_at]) VALUES (20, NULL, N'Andrew James Morrison', N'STUDENT', 27, NULL, NULL, 0, NULL, NULL)
INSERT [dbo].[profile] ([id], [bio], [display_name], [profile_type], [app_user_id], [tuition_region_id], [image_id], [average_rating], [lesson_type], [deleted_at]) VALUES (25, NULL, N'andrew', N'TUTOR', 33, NULL, NULL, 0, NULL, NULL)
INSERT [dbo].[profile] ([id], [bio], [display_name], [profile_type], [app_user_id], [tuition_region_id], [image_id], [average_rating], [lesson_type], [deleted_at]) VALUES (26, NULL, N'test', N'STUDENT', 34, NULL, NULL, 0, NULL, NULL)
INSERT [dbo].[profile] ([id], [bio], [display_name], [profile_type], [app_user_id], [tuition_region_id], [image_id], [average_rating], [lesson_type], [deleted_at]) VALUES (27, NULL, N'test 3', N'TUTOR', 35, NULL, NULL, 0, NULL, NULL)
INSERT [dbo].[profile] ([id], [bio], [display_name], [profile_type], [app_user_id], [tuition_region_id], [image_id], [average_rating], [lesson_type], [deleted_at]) VALUES (28, NULL, N'Andrew James Morrison', N'TUTOR', 36, NULL, NULL, 0, NULL, NULL)
INSERT [dbo].[profile] ([id], [bio], [display_name], [profile_type], [app_user_id], [tuition_region_id], [image_id], [average_rating], [lesson_type], [deleted_at]) VALUES (35, NULL, N'Admin', N'TUTOR', 38, NULL, NULL, 0, NULL, NULL)
INSERT [dbo].[profile] ([id], [bio], [display_name], [profile_type], [app_user_id], [tuition_region_id], [image_id], [average_rating], [lesson_type], [deleted_at]) VALUES (36, NULL, N'Deleted User', N'TUTOR', 39, NULL, NULL, 0, NULL, CAST(N'2025-04-13T19:29:57.4714310' AS DateTime2))
SET IDENTITY_INSERT [dbo].[profile] OFF
GO
INSERT [dbo].[profile_genre] ([profile_id], [genre_id]) VALUES (2, 1)
INSERT [dbo].[profile_genre] ([profile_id], [genre_id]) VALUES (2, 2)
INSERT [dbo].[profile_genre] ([profile_id], [genre_id]) VALUES (2, 3)
INSERT [dbo].[profile_genre] ([profile_id], [genre_id]) VALUES (8, 1)
INSERT [dbo].[profile_genre] ([profile_id], [genre_id]) VALUES (8, 2)
INSERT [dbo].[profile_genre] ([profile_id], [genre_id]) VALUES (8, 3)
INSERT [dbo].[profile_genre] ([profile_id], [genre_id]) VALUES (8, 4)
INSERT [dbo].[profile_genre] ([profile_id], [genre_id]) VALUES (14, 8)
GO
INSERT [dbo].[profile_instrument] ([profile_id], [instrument_id]) VALUES (2, 4)
INSERT [dbo].[profile_instrument] ([profile_id], [instrument_id]) VALUES (3, 5)
INSERT [dbo].[profile_instrument] ([profile_id], [instrument_id]) VALUES (4, 4)
INSERT [dbo].[profile_instrument] ([profile_id], [instrument_id]) VALUES (5, 5)
INSERT [dbo].[profile_instrument] ([profile_id], [instrument_id]) VALUES (6, 5)
INSERT [dbo].[profile_instrument] ([profile_id], [instrument_id]) VALUES (7, 5)
INSERT [dbo].[profile_instrument] ([profile_id], [instrument_id]) VALUES (8, 5)
INSERT [dbo].[profile_instrument] ([profile_id], [instrument_id]) VALUES (9, 5)
INSERT [dbo].[profile_instrument] ([profile_id], [instrument_id]) VALUES (10, 5)
INSERT [dbo].[profile_instrument] ([profile_id], [instrument_id]) VALUES (11, 7)
INSERT [dbo].[profile_instrument] ([profile_id], [instrument_id]) VALUES (12, 7)
INSERT [dbo].[profile_instrument] ([profile_id], [instrument_id]) VALUES (13, 7)
INSERT [dbo].[profile_instrument] ([profile_id], [instrument_id]) VALUES (14, 7)
INSERT [dbo].[profile_instrument] ([profile_id], [instrument_id]) VALUES (14, 11)
GO
SET IDENTITY_INSERT [dbo].[profile_instrument_qualification] ON

INSERT [dbo].[profile_instrument_qualification] ([id], [instrument_id], [profile_id], [qualification_id]) VALUES (12, 9, 2, 2)
INSERT [dbo].[profile_instrument_qualification] ([id], [instrument_id], [profile_id], [qualification_id]) VALUES (13, 7, 2, 3)
INSERT [dbo].[profile_instrument_qualification] ([id], [instrument_id], [profile_id], [qualification_id]) VALUES (14, 8, 2, 1)
SET IDENTITY_INSERT [dbo].[profile_instrument_qualification] OFF
GO
INSERT [dbo].[profile_price] ([profile_id], [price_id]) VALUES (2, 10)
INSERT [dbo].[profile_price] ([profile_id], [price_id]) VALUES (2, 15)
INSERT [dbo].[profile_price] ([profile_id], [price_id]) VALUES (2, 49)
INSERT [dbo].[profile_price] ([profile_id], [price_id]) VALUES (8, 1)
INSERT [dbo].[profile_price] ([profile_id], [price_id]) VALUES (8, 2)
INSERT [dbo].[profile_price] ([profile_id], [price_id]) VALUES (8, 4)
INSERT [dbo].[profile_price] ([profile_id], [price_id]) VALUES (14, 12)
INSERT [dbo].[profile_price] ([profile_id], [price_id]) VALUES (14, 14)
INSERT [dbo].[profile_price] ([profile_id], [price_id]) VALUES (14, 48)
GO
SET IDENTITY_INSERT [dbo].[qualification] ON

INSERT [dbo].[qualification] ([id], [name]) VALUES (1, N'GRADE_1')
INSERT [dbo].[qualification] ([id], [name]) VALUES (2, N'GRADE_2')
INSERT [dbo].[qualification] ([id], [name]) VALUES (3, N'GRADE_3')
INSERT [dbo].[qualification] ([id], [name]) VALUES (4, N'GRADE_4')
INSERT [dbo].[qualification] ([id], [name]) VALUES (5, N'GRADE_5')
INSERT [dbo].[qualification] ([id], [name]) VALUES (6, N'GRADE_6')
INSERT [dbo].[qualification] ([id], [name]) VALUES (7, N'GRADE_7')
INSERT [dbo].[qualification] ([id], [name]) VALUES (8, N'GRADE_8')
INSERT [dbo].[qualification] ([id], [name]) VALUES (9, N'DIPLOMA')
INSERT [dbo].[qualification] ([id], [name]) VALUES (10, N'CERTIFICATE')
SET IDENTITY_INSERT [dbo].[qualification] OFF
GO

SET IDENTITY_INSERT [dbo].[review] ON

INSERT [dbo].[review] ([id], [comment], [profile_id], [rating], [reviewer_name], [reviewer_profile_id], [title]) VALUES (1, N'A wonderful Tutor, I would recommend to anyone! Structured lessons and very flexible to student needs. Excellent!', 8, 5, N'Samuel Keys', 9, N'What a great Tutor')
INSERT [dbo].[review] ([id], [comment], [profile_id], [rating], [reviewer_name], [reviewer_profile_id], [title]) VALUES (2, N'Like the other reviewers i had a great experience.Best tutor ever!', 8, 5, N'Susan Boyle', 10, N'Loved It!')
INSERT [dbo].[review] ([id], [comment], [profile_id], [rating], [reviewer_name], [reviewer_profile_id], [title]) VALUES (3, N'great', 2, 5, N'Erin Meehan', 9, N'Great')
SET IDENTITY_INSERT [dbo].[review] OFF
GO
SET IDENTITY_INSERT [dbo].[role] ON

INSERT [dbo].[role] ([id], [name]) VALUES (1, N'ADMIN')
INSERT [dbo].[role] ([id], [name]) VALUES (2, N'USER')
SET IDENTITY_INSERT [dbo].[role] OFF
GO
SET IDENTITY_INSERT [dbo].[tuition] ON

INSERT [dbo].[tuition] ([id], [active_tuition], [end_date], [start_date], [student_id], [tutor_id]) VALUES (5, 1, NULL, CAST(N'2025-02-04' AS Date), 9, 2)
INSERT [dbo].[tuition] ([id], [active_tuition], [end_date], [start_date], [student_id], [tutor_id]) VALUES (6, 1, NULL, CAST(N'2025-03-03' AS Date), 18, 2)
SET IDENTITY_INSERT [dbo].[tuition] OFF
GO
INSERT [dbo].[user_roles] ([user_id], [role_id]) VALUES (38, 1)
GO

EXEC sp_msforeachtable 'IF ''?'' NOT LIKE ''%flyway_schema_history%''
    ALTER TABLE ? WITH CHECK CHECK CONSTRAINT ALL';
GO